attack,pair_id,guard_off_present,guard_on_present,prompt_sequence_equal,guard_off_prompt_sha256,guard_on_prompt_sha256,prompt_style,attack_family_label_present,prompt_style_source,original_top_level_prompt_style_available
A03,A03__secure_rag_mode__t1_r001_avocadoel__internal__history1__iteration01,True,True,True,9f7e5653a7dd89c31f43275c8c7628456b9334c1d805e00da3d246e6c503ea81,9f7e5653a7dd89c31f43275c8c7628456b9334c1d805e00da3d246e6c503ea81,inferred-neutral,False,offline_record_audit,False
A03,A03__secure_rag_mode__t1_r001_avocadoel__internal__history1__iteration02,True,True,True,9f7e5653a7dd89c31f43275c8c7628456b9334c1d805e00da3d246e6c503ea81,9f7e5653a7dd89c31f43275c8c7628456b9334c1d805e00da3d246e6c503ea81,inferred-neutral,False,offline_record_audit,False
A03,A03__secure_rag_mode__t1_r001_avocadoel__internal__history1__iteration03,True,True,True,9f7e5653a7dd89c31f43275c8c7628456b9334c1d805e00da3d246e6c503ea81,9f7e5653a7dd89c31f43275c8c7628456b9334c1d805e00da3d246e6c503ea81,inferred-neutral,False,offline_record_audit,False
A03,A03__secure_rag_mode__t1_r001_avocadoel__internal__history1__iteration04,True,True,True,9f7e5653a7dd89c31f43275c8c7628456b9334c1d805e00da3d246e6c503ea81,9f7e5653a7dd89c31f43275c8c7628456b9334c1d805e00da3d246e6c503ea81,inferred-neutral,False,offline_record_audit,False
A03,A03__secure_rag_mode__t1_r001_avocadoel__internal__history1__iteration05,True,True,True,9f7e5653a7dd89c31f43275c8c7628456b9334c1d805e00da3d246e6c503ea81,9f7e5653a7dd89c31f43275c8c7628456b9334c1d805e00da3d246e6c503ea81,inferred-neutral,False,offline_record_audit,False
A03,A03__secure_rag_mode__t1_r001_avocadoel__internal__history3__iteration01,True,True,True,3b21e24d63427a183120149a15b8f5f4b2c16bcf6948ebb06fb423decb6d4be8,3b21e24d63427a183120149a15b8f5f4b2c16bcf6948ebb06fb423decb6d4be8,inferred-neutral,False,offline_record_audit,False
A03,A03__secure_rag_mode__t1_r001_avocadoel__internal__history3__iteration02,True,True,True,3b21e24d63427a183120149a15b8f5f4b2c16bcf6948ebb06fb423decb6d4be8,3b21e24d63427a183120149a15b8f5f4b2c16bcf6948ebb06fb423decb6d4be8,inferred-neutral,False,offline_record_audit,False
A03,A03__secure_rag_mode__t1_r001_avocadoel__internal__history3__iteration03,True,True,True,3b21e24d63427a183120149a15b8f5f4b2c16bcf6948ebb06fb423decb6d4be8,3b21e24d63427a183120149a15b8f5f4b2c16bcf6948ebb06fb423decb6d4be8,inferred-neutral,False,offline_record_audit,False
A03,A03__secure_rag_mode__t1_r001_avocadoel__internal__history3__iteration04,True,True,True,3b21e24d63427a183120149a15b8f5f4b2c16bcf6948ebb06fb423decb6d4be8,3b21e24d63427a183120149a15b8f5f4b2c16bcf6948ebb06fb423decb6d4be8,inferred-neutral,False,offline_record_audit,False
A03,A03__secure_rag_mode__t1_r001_avocadoel__internal__history3__iteration05,True,True,True,3b21e24d63427a183120149a15b8f5f4b2c16bcf6948ebb06fb423decb6d4be8,3b21e24d63427a183120149a15b8f5f4b2c16bcf6948ebb06fb423decb6d4be8,inferred-neutral,False,offline_record_audit,False
A03,A03__secure_rag_mode__t1_r001_avocadoel__internal__history5__iteration01,True,True,True,6f903f1f94281b319c15922e3b5ae85aeb30769c037c9f89c2c418d42e2841d6,6f903f1f94281b319c15922e3b5ae85aeb30769c037c9f89c2c418d42e2841d6,inferred-neutral,False,offline_record_audit,False
A03,A03__secure_rag_mode__t1_r001_avocadoel__internal__history5__iteration02,True,True,True,6f903f1f94281b319c15922e3b5ae85aeb30769c037c9f89c2c418d42e2841d6,6f903f1f94281b319c15922e3b5ae85aeb30769c037c9f89c2c418d42e2841d6,inferred-neutral,False,offline_record_audit,False
A03,A03__secure_rag_mode__t1_r001_avocadoel__internal__history5__iteration03,True,True,True,6f903f1f94281b319c15922e3b5ae85aeb30769c037c9f89c2c418d42e2841d6,6f903f1f94281b319c15922e3b5ae85aeb30769c037c9f89c2c418d42e2841d6,inferred-neutral,False,offline_record_audit,False
A03,A03__secure_rag_mode__t1_r001_avocadoel__internal__history5__iteration04,True,True,True,6f903f1f94281b319c15922e3b5ae85aeb30769c037c9f89c2c418d42e2841d6,6f903f1f94281b319c15922e3b5ae85aeb30769c037c9f89c2c418d42e2841d6,inferred-neutral,False,offline_record_audit,False
A03,A03__secure_rag_mode__t1_r001_avocadoel__internal__history5__iteration05,True,True,True,6f903f1f94281b319c15922e3b5ae85aeb30769c037c9f89c2c418d42e2841d6,6f903f1f94281b319c15922e3b5ae85aeb30769c037c9f89c2c418d42e2841d6,inferred-neutral,False,offline_record_audit,False
A03,A03__secure_rag_mode__t1_r001_avocadoel__protected__history1__iteration01,True,True,True,9f7e5653a7dd89c31f43275c8c7628456b9334c1d805e00da3d246e6c503ea81,9f7e5653a7dd89c31f43275c8c7628456b9334c1d805e00da3d246e6c503ea81,inferred-neutral,False,offline_record_audit,False
A03,A03__secure_rag_mode__t1_r001_avocadoel__protected__history1__iteration02,True,True,True,9f7e5653a7dd89c31f43275c8c7628456b9334c1d805e00da3d246e6c503ea81,9f7e5653a7dd89c31f43275c8c7628456b9334c1d805e00da3d246e6c503ea81,inferred-neutral,False,offline_record_audit,False
A03,A03__secure_rag_mode__t1_r001_avocadoel__protected__history1__iteration03,True,True,True,9f7e5653a7dd89c31f43275c8c7628456b9334c1d805e00da3d246e6c503ea81,9f7e5653a7dd89c31f43275c8c7628456b9334c1d805e00da3d246e6c503ea81,inferred-neutral,False,offline_record_audit,False
A03,A03__secure_rag_mode__t1_r001_avocadoel__protected__history1__iteration04,True,True,True,9f7e5653a7dd89c31f43275c8c7628456b9334c1d805e00da3d246e6c503ea81,9f7e5653a7dd89c31f43275c8c7628456b9334c1d805e00da3d246e6c503ea81,inferred-neutral,False,offline_record_audit,False
A03,A03__secure_rag_mode__t1_r001_avocadoel__protected__history1__iteration05,True,True,True,9f7e5653a7dd89c31f43275c8c7628456b9334c1d805e00da3d246e6c503ea81,9f7e5653a7dd89c31f43275c8c7628456b9334c1d805e00da3d246e6c503ea81,inferred-neutral,False,offline_record_audit,False
A03,A03__secure_rag_mode__t1_r001_avocadoel__protected__history3__iteration01,True,True,True,3b21e24d63427a183120149a15b8f5f4b2c16bcf6948ebb06fb423decb6d4be8,3b21e24d63427a183120149a15b8f5f4b2c16bcf6948ebb06fb423decb6d4be8,inferred-neutral,False,offline_record_audit,False
A03,A03__secure_rag_mode__t1_r001_avocadoel__protected__history3__iteration02,True,True,True,3b21e24d63427a183120149a15b8f5f4b2c16bcf6948ebb06fb423decb6d4be8,3b21e24d63427a183120149a15b8f5f4b2c16bcf6948ebb06fb423decb6d4be8,inferred-neutral,False,offline_record_audit,False
A03,A03__secure_rag_mode__t1_r001_avocadoel__protected__history3__iteration03,True,True,True,3b21e24d63427a183120149a15b8f5f4b2c16bcf6948ebb06fb423decb6d4be8,3b21e24d63427a183120149a15b8f5f4b2c16bcf6948ebb06fb423decb6d4be8,inferred-neutral,False,offline_record_audit,False
A03,A03__secure_rag_mode__t1_r001_avocadoel__protected__history3__iteration04,True,True,True,3b21e24d63427a183120149a15b8f5f4b2c16bcf6948ebb06fb423decb6d4be8,3b21e24d63427a183120149a15b8f5f4b2c16bcf6948ebb06fb423decb6d4be8,inferred-neutral,False,offline_record_audit,False
A03,A03__secure_rag_mode__t1_r001_avocadoel__protected__history3__iteration05,True,True,True,3b21e24d63427a183120149a15b8f5f4b2c16bcf6948ebb06fb423decb6d4be8,3b21e24d63427a183120149a15b8f5f4b2c16bcf6948ebb06fb423decb6d4be8,inferred-neutral,False,offline_record_audit,False
A03,A03__secure_rag_mode__t1_r001_avocadoel__protected__history5__iteration01,True,True,True,6f903f1f94281b319c15922e3b5ae85aeb30769c037c9f89c2c418d42e2841d6,6f903f1f94281b319c15922e3b5ae85aeb30769c037c9f89c2c418d42e2841d6,inferred-neutral,False,offline_record_audit,False
A03,A03__secure_rag_mode__t1_r001_avocadoel__protected__history5__iteration02,True,True,True,6f903f1f94281b319c15922e3b5ae85aeb30769c037c9f89c2c418d42e2841d6,6f903f1f94281b319c15922e3b5ae85aeb30769c037c9f89c2c418d42e2841d6,inferred-neutral,False,offline_record_audit,False
A03,A03__secure_rag_mode__t1_r001_avocadoel__protected__history5__iteration03,True,True,True,6f903f1f94281b319c15922e3b5ae85aeb30769c037c9f89c2c418d42e2841d6,6f903f1f94281b319c15922e3b5ae85aeb30769c037c9f89c2c418d42e2841d6,inferred-neutral,False,offline_record_audit,False
A03,A03__secure_rag_mode__t1_r001_avocadoel__protected__history5__iteration04,True,True,True,6f903f1f94281b319c15922e3b5ae85aeb30769c037c9f89c2c418d42e2841d6,6f903f1f94281b319c15922e3b5ae85aeb30769c037c9f89c2c418d42e2841d6,inferred-neutral,False,offline_record_audit,False
A03,A03__secure_rag_mode__t1_r001_avocadoel__protected__history5__iteration05,True,True,True,6f903f1f94281b319c15922e3b5ae85aeb30769c037c9f89c2c418d42e2841d6,6f903f1f94281b319c15922e3b5ae85aeb30769c037c9f89c2c418d42e2841d6,inferred-neutral,False,offline_record_audit,False
A03,A03__secure_rag_mode__t1_r001_avocadoel__public__history1__iteration01,True,True,True,9f7e5653a7dd89c31f43275c8c7628456b9334c1d805e00da3d246e6c503ea81,9f7e5653a7dd89c31f43275c8c7628456b9334c1d805e00da3d246e6c503ea81,inferred-neutral,False,offline_record_audit,False
A03,A03__secure_rag_mode__t1_r001_avocadoel__public__history1__iteration02,True,True,True,9f7e5653a7dd89c31f43275c8c7628456b9334c1d805e00da3d246e6c503ea81,9f7e5653a7dd89c31f43275c8c7628456b9334c1d805e00da3d246e6c503ea81,inferred-neutral,False,offline_record_audit,False
A03,A03__secure_rag_mode__t1_r001_avocadoel__public__history1__iteration03,True,True,True,9f7e5653a7dd89c31f43275c8c7628456b9334c1d805e00da3d246e6c503ea81,9f7e5653a7dd89c31f43275c8c7628456b9334c1d805e00da3d246e6c503ea81,inferred-neutral,False,offline_record_audit,False
A03,A03__secure_rag_mode__t1_r001_avocadoel__public__history1__iteration04,True,True,True,9f7e5653a7dd89c31f43275c8c7628456b9334c1d805e00da3d246e6c503ea81,9f7e5653a7dd89c31f43275c8c7628456b9334c1d805e00da3d246e6c503ea81,inferred-neutral,False,offline_record_audit,False
A03,A03__secure_rag_mode__t1_r001_avocadoel__public__history1__iteration05,True,True,True,9f7e5653a7dd89c31f43275c8c7628456b9334c1d805e00da3d246e6c503ea81,9f7e5653a7dd89c31f43275c8c7628456b9334c1d805e00da3d246e6c503ea81,inferred-neutral,False,offline_record_audit,False
A03,A03__secure_rag_mode__t1_r001_avocadoel__public__history3__iteration01,True,True,True,3b21e24d63427a183120149a15b8f5f4b2c16bcf6948ebb06fb423decb6d4be8,3b21e24d63427a183120149a15b8f5f4b2c16bcf6948ebb06fb423decb6d4be8,inferred-neutral,False,offline_record_audit,False
A03,A03__secure_rag_mode__t1_r001_avocadoel__public__history3__iteration02,True,True,True,3b21e24d63427a183120149a15b8f5f4b2c16bcf6948ebb06fb423decb6d4be8,3b21e24d63427a183120149a15b8f5f4b2c16bcf6948ebb06fb423decb6d4be8,inferred-neutral,False,offline_record_audit,False
A03,A03__secure_rag_mode__t1_r001_avocadoel__public__history3__iteration03,True,True,True,3b21e24d63427a183120149a15b8f5f4b2c16bcf6948ebb06fb423decb6d4be8,3b21e24d63427a183120149a15b8f5f4b2c16bcf6948ebb06fb423decb6d4be8,inferred-neutral,False,offline_record_audit,False
A03,A03__secure_rag_mode__t1_r001_avocadoel__public__history3__iteration04,True,True,True,3b21e24d63427a183120149a15b8f5f4b2c16bcf6948ebb06fb423decb6d4be8,3b21e24d63427a183120149a15b8f5f4b2c16bcf6948ebb06fb423decb6d4be8,inferred-neutral,False,offline_record_audit,False
A03,A03__secure_rag_mode__t1_r001_avocadoel__public__history3__iteration05,True,True,True,3b21e24d63427a183120149a15b8f5f4b2c16bcf6948ebb06fb423decb6d4be8,3b21e24d63427a183120149a15b8f5f4b2c16bcf6948ebb06fb423decb6d4be8,inferred-neutral,False,offline_record_audit,False
A03,A03__secure_rag_mode__t1_r001_avocadoel__public__history5__iteration01,True,True,True,6f903f1f94281b319c15922e3b5ae85aeb30769c037c9f89c2c418d42e2841d6,6f903f1f94281b319c15922e3b5ae85aeb30769c037c9f89c2c418d42e2841d6,inferred-neutral,False,offline_record_audit,False
A03,A03__secure_rag_mode__t1_r001_avocadoel__public__history5__iteration02,True,True,True,6f903f1f94281b319c15922e3b5ae85aeb30769c037c9f89c2c418d42e2841d6,6f903f1f94281b319c15922e3b5ae85aeb30769c037c9f89c2c418d42e2841d6,inferred-neutral,False,offline_record_audit,False
A03,A03__secure_rag_mode__t1_r001_avocadoel__public__history5__iteration03,True,True,True,6f903f1f94281b319c15922e3b5ae85aeb30769c037c9f89c2c418d42e2841d6,6f903f1f94281b319c15922e3b5ae85aeb30769c037c9f89c2c418d42e2841d6,inferred-neutral,False,offline_record_audit,False
A03,A03__secure_rag_mode__t1_r001_avocadoel__public__history5__iteration04,True,True,True,6f903f1f94281b319c15922e3b5ae85aeb30769c037c9f89c2c418d42e2841d6,6f903f1f94281b319c15922e3b5ae85aeb30769c037c9f89c2c418d42e2841d6,inferred-neutral,False,offline_record_audit,False
A03,A03__secure_rag_mode__t1_r001_avocadoel__public__history5__iteration05,True,True,True,6f903f1f94281b319c15922e3b5ae85aeb30769c037c9f89c2c418d42e2841d6,6f903f1f94281b319c15922e3b5ae85aeb30769c037c9f89c2c418d42e2841d6,inferred-neutral,False,offline_record_audit,False
A03,A03__secure_rag_mode__t2_r002_sonnenblumenoel__internal__history1__iteration01,True,True,True,4364bdc842a3f52f15256124f5fe225c45aa0798cd1b200e44fac2030c674ca0,4364bdc842a3f52f15256124f5fe225c45aa0798cd1b200e44fac2030c674ca0,inferred-neutral,False,offline_record_audit,False
A03,A03__secure_rag_mode__t2_r002_sonnenblumenoel__internal__history1__iteration02,True,True,True,4364bdc842a3f52f15256124f5fe225c45aa0798cd1b200e44fac2030c674ca0,4364bdc842a3f52f15256124f5fe225c45aa0798cd1b200e44fac2030c674ca0,inferred-neutral,False,offline_record_audit,False
A03,A03__secure_rag_mode__t2_r002_sonnenblumenoel__internal__history1__iteration03,True,True,True,4364bdc842a3f52f15256124f5fe225c45aa0798cd1b200e44fac2030c674ca0,4364bdc842a3f52f15256124f5fe225c45aa0798cd1b200e44fac2030c674ca0,inferred-neutral,False,offline_record_audit,False
A03,A03__secure_rag_mode__t2_r002_sonnenblumenoel__internal__history1__iteration04,True,True,True,4364bdc842a3f52f15256124f5fe225c45aa0798cd1b200e44fac2030c674ca0,4364bdc842a3f52f15256124f5fe225c45aa0798cd1b200e44fac2030c674ca0,inferred-neutral,False,offline_record_audit,False
A03,A03__secure_rag_mode__t2_r002_sonnenblumenoel__internal__history1__iteration05,True,True,True,4364bdc842a3f52f15256124f5fe225c45aa0798cd1b200e44fac2030c674ca0,4364bdc842a3f52f15256124f5fe225c45aa0798cd1b200e44fac2030c674ca0,inferred-neutral,False,offline_record_audit,False
A03,A03__secure_rag_mode__t2_r002_sonnenblumenoel__internal__history3__iteration01,True,True,True,9fcb4d13b5758c3de4ad73b922794618c2aca95d6510061f011cddf8a6aeab52,9fcb4d13b5758c3de4ad73b922794618c2aca95d6510061f011cddf8a6aeab52,inferred-neutral,False,offline_record_audit,False
A03,A03__secure_rag_mode__t2_r002_sonnenblumenoel__internal__history3__iteration02,True,True,True,9fcb4d13b5758c3de4ad73b922794618c2aca95d6510061f011cddf8a6aeab52,9fcb4d13b5758c3de4ad73b922794618c2aca95d6510061f011cddf8a6aeab52,inferred-neutral,False,offline_record_audit,False
A03,A03__secure_rag_mode__t2_r002_sonnenblumenoel__internal__history3__iteration03,True,True,True,9fcb4d13b5758c3de4ad73b922794618c2aca95d6510061f011cddf8a6aeab52,9fcb4d13b5758c3de4ad73b922794618c2aca95d6510061f011cddf8a6aeab52,inferred-neutral,False,offline_record_audit,False
A03,A03__secure_rag_mode__t2_r002_sonnenblumenoel__internal__history3__iteration04,True,True,True,9fcb4d13b5758c3de4ad73b922794618c2aca95d6510061f011cddf8a6aeab52,9fcb4d13b5758c3de4ad73b922794618c2aca95d6510061f011cddf8a6aeab52,inferred-neutral,False,offline_record_audit,False
A03,A03__secure_rag_mode__t2_r002_sonnenblumenoel__internal__history3__iteration05,True,True,True,9fcb4d13b5758c3de4ad73b922794618c2aca95d6510061f011cddf8a6aeab52,9fcb4d13b5758c3de4ad73b922794618c2aca95d6510061f011cddf8a6aeab52,inferred-neutral,False,offline_record_audit,False
A03,A03__secure_rag_mode__t2_r002_sonnenblumenoel__internal__history5__iteration01,True,True,True,1490c7b59cc0827cc1b58c08ae733495405fe152dbd018e088683cff22b5dea0,1490c7b59cc0827cc1b58c08ae733495405fe152dbd018e088683cff22b5dea0,inferred-neutral,False,offline_record_audit,False
A03,A03__secure_rag_mode__t2_r002_sonnenblumenoel__internal__history5__iteration02,True,True,True,1490c7b59cc0827cc1b58c08ae733495405fe152dbd018e088683cff22b5dea0,1490c7b59cc0827cc1b58c08ae733495405fe152dbd018e088683cff22b5dea0,inferred-neutral,False,offline_record_audit,False
A03,A03__secure_rag_mode__t2_r002_sonnenblumenoel__internal__history5__iteration03,True,True,True,1490c7b59cc0827cc1b58c08ae733495405fe152dbd018e088683cff22b5dea0,1490c7b59cc0827cc1b58c08ae733495405fe152dbd018e088683cff22b5dea0,inferred-neutral,False,offline_record_audit,False
A03,A03__secure_rag_mode__t2_r002_sonnenblumenoel__internal__history5__iteration04,True,True,True,1490c7b59cc0827cc1b58c08ae733495405fe152dbd018e088683cff22b5dea0,1490c7b59cc0827cc1b58c08ae733495405fe152dbd018e088683cff22b5dea0,inferred-neutral,False,offline_record_audit,False
A03,A03__secure_rag_mode__t2_r002_sonnenblumenoel__internal__history5__iteration05,True,True,True,1490c7b59cc0827cc1b58c08ae733495405fe152dbd018e088683cff22b5dea0,1490c7b59cc0827cc1b58c08ae733495405fe152dbd018e088683cff22b5dea0,inferred-neutral,False,offline_record_audit,False
A03,A03__secure_rag_mode__t2_r002_sonnenblumenoel__protected__history1__iteration01,True,True,True,4364bdc842a3f52f15256124f5fe225c45aa0798cd1b200e44fac2030c674ca0,4364bdc842a3f52f15256124f5fe225c45aa0798cd1b200e44fac2030c674ca0,inferred-neutral,False,offline_record_audit,False
A03,A03__secure_rag_mode__t2_r002_sonnenblumenoel__protected__history1__iteration02,True,True,True,4364bdc842a3f52f15256124f5fe225c45aa0798cd1b200e44fac2030c674ca0,4364bdc842a3f52f15256124f5fe225c45aa0798cd1b200e44fac2030c674ca0,inferred-neutral,False,offline_record_audit,False
A03,A03__secure_rag_mode__t2_r002_sonnenblumenoel__protected__history1__iteration03,True,True,True,4364bdc842a3f52f15256124f5fe225c45aa0798cd1b200e44fac2030c674ca0,4364bdc842a3f52f15256124f5fe225c45aa0798cd1b200e44fac2030c674ca0,inferred-neutral,False,offline_record_audit,False
A03,A03__secure_rag_mode__t2_r002_sonnenblumenoel__protected__history1__iteration04,True,True,True,4364bdc842a3f52f15256124f5fe225c45aa0798cd1b200e44fac2030c674ca0,4364bdc842a3f52f15256124f5fe225c45aa0798cd1b200e44fac2030c674ca0,inferred-neutral,False,offline_record_audit,False
A03,A03__secure_rag_mode__t2_r002_sonnenblumenoel__protected__history1__iteration05,True,True,True,4364bdc842a3f52f15256124f5fe225c45aa0798cd1b200e44fac2030c674ca0,4364bdc842a3f52f15256124f5fe225c45aa0798cd1b200e44fac2030c674ca0,inferred-neutral,False,offline_record_audit,False
A03,A03__secure_rag_mode__t2_r002_sonnenblumenoel__protected__history3__iteration01,True,True,True,9fcb4d13b5758c3de4ad73b922794618c2aca95d6510061f011cddf8a6aeab52,9fcb4d13b5758c3de4ad73b922794618c2aca95d6510061f011cddf8a6aeab52,inferred-neutral,False,offline_record_audit,False
A03,A03__secure_rag_mode__t2_r002_sonnenblumenoel__protected__history3__iteration02,True,True,True,9fcb4d13b5758c3de4ad73b922794618c2aca95d6510061f011cddf8a6aeab52,9fcb4d13b5758c3de4ad73b922794618c2aca95d6510061f011cddf8a6aeab52,inferred-neutral,False,offline_record_audit,False
A03,A03__secure_rag_mode__t2_r002_sonnenblumenoel__protected__history3__iteration03,True,True,True,9fcb4d13b5758c3de4ad73b922794618c2aca95d6510061f011cddf8a6aeab52,9fcb4d13b5758c3de4ad73b922794618c2aca95d6510061f011cddf8a6aeab52,inferred-neutral,False,offline_record_audit,False
A03,A03__secure_rag_mode__t2_r002_sonnenblumenoel__protected__history3__iteration04,True,True,True,9fcb4d13b5758c3de4ad73b922794618c2aca95d6510061f011cddf8a6aeab52,9fcb4d13b5758c3de4ad73b922794618c2aca95d6510061f011cddf8a6aeab52,inferred-neutral,False,offline_record_audit,False
A03,A03__secure_rag_mode__t2_r002_sonnenblumenoel__protected__history3__iteration05,True,True,True,9fcb4d13b5758c3de4ad73b922794618c2aca95d6510061f011cddf8a6aeab52,9fcb4d13b5758c3de4ad73b922794618c2aca95d6510061f011cddf8a6aeab52,inferred-neutral,False,offline_record_audit,False
A03,A03__secure_rag_mode__t2_r002_sonnenblumenoel__protected__history5__iteration01,True,True,True,1490c7b59cc0827cc1b58c08ae733495405fe152dbd018e088683cff22b5dea0,1490c7b59cc0827cc1b58c08ae733495405fe152dbd018e088683cff22b5dea0,inferred-neutral,False,offline_record_audit,False
A03,A03__secure_rag_mode__t2_r002_sonnenblumenoel__protected__history5__iteration02,True,True,True,1490c7b59cc0827cc1b58c08ae733495405fe152dbd018e088683cff22b5dea0,1490c7b59cc0827cc1b58c08ae733495405fe152dbd018e088683cff22b5dea0,inferred-neutral,False,offline_record_audit,False
A03,A03__secure_rag_mode__t2_r002_sonnenblumenoel__protected__history5__iteration03,True,True,True,1490c7b59cc0827cc1b58c08ae733495405fe152dbd018e088683cff22b5dea0,1490c7b59cc0827cc1b58c08ae733495405fe152dbd018e088683cff22b5dea0,inferred-neutral,False,offline_record_audit,False
A03,A03__secure_rag_mode__t2_r002_sonnenblumenoel__protected__history5__iteration04,True,True,True,1490c7b59cc0827cc1b58c08ae733495405fe152dbd018e088683cff22b5dea0,1490c7b59cc0827cc1b58c08ae733495405fe152dbd018e088683cff22b5dea0,inferred-neutral,False,offline_record_audit,False
A03,A03__secure_rag_mode__t2_r002_sonnenblumenoel__protected__history5__iteration05,True,True,True,1490c7b59cc0827cc1b58c08ae733495405fe152dbd018e088683cff22b5dea0,1490c7b59cc0827cc1b58c08ae733495405fe152dbd018e088683cff22b5dea0,inferred-neutral,False,offline_record_audit,False
A03,A03__secure_rag_mode__t2_r002_sonnenblumenoel__public__history1__iteration01,True,True,True,4364bdc842a3f52f15256124f5fe225c45aa0798cd1b200e44fac2030c674ca0,4364bdc842a3f52f15256124f5fe225c45aa0798cd1b200e44fac2030c674ca0,inferred-neutral,False,offline_record_audit,False
A03,A03__secure_rag_mode__t2_r002_sonnenblumenoel__public__history1__iteration02,True,True,True,4364bdc842a3f52f15256124f5fe225c45aa0798cd1b200e44fac2030c674ca0,4364bdc842a3f52f15256124f5fe225c45aa0798cd1b200e44fac2030c674ca0,inferred-neutral,False,offline_record_audit,False
A03,A03__secure_rag_mode__t2_r002_sonnenblumenoel__public__history1__iteration03,True,True,True,4364bdc842a3f52f15256124f5fe225c45aa0798cd1b200e44fac2030c674ca0,4364bdc842a3f52f15256124f5fe225c45aa0798cd1b200e44fac2030c674ca0,inferred-neutral,False,offline_record_audit,False
A03,A03__secure_rag_mode__t2_r002_sonnenblumenoel__public__history1__iteration04,True,True,True,4364bdc842a3f52f15256124f5fe225c45aa0798cd1b200e44fac2030c674ca0,4364bdc842a3f52f15256124f5fe225c45aa0798cd1b200e44fac2030c674ca0,inferred-neutral,False,offline_record_audit,False
A03,A03__secure_rag_mode__t2_r002_sonnenblumenoel__public__history1__iteration05,True,True,True,4364bdc842a3f52f15256124f5fe225c45aa0798cd1b200e44fac2030c674ca0,4364bdc842a3f52f15256124f5fe225c45aa0798cd1b200e44fac2030c674ca0,inferred-neutral,False,offline_record_audit,False
A03,A03__secure_rag_mode__t2_r002_sonnenblumenoel__public__history3__iteration01,True,True,True,9fcb4d13b5758c3de4ad73b922794618c2aca95d6510061f011cddf8a6aeab52,9fcb4d13b5758c3de4ad73b922794618c2aca95d6510061f011cddf8a6aeab52,inferred-neutral,False,offline_record_audit,False
A03,A03__secure_rag_mode__t2_r002_sonnenblumenoel__public__history3__iteration02,True,True,True,9fcb4d13b5758c3de4ad73b922794618c2aca95d6510061f011cddf8a6aeab52,9fcb4d13b5758c3de4ad73b922794618c2aca95d6510061f011cddf8a6aeab52,inferred-neutral,False,offline_record_audit,False
A03,A03__secure_rag_mode__t2_r002_sonnenblumenoel__public__history3__iteration03,True,True,True,9fcb4d13b5758c3de4ad73b922794618c2aca95d6510061f011cddf8a6aeab52,9fcb4d13b5758c3de4ad73b922794618c2aca95d6510061f011cddf8a6aeab52,inferred-neutral,False,offline_record_audit,False
A03,A03__secure_rag_mode__t2_r002_sonnenblumenoel__public__history3__iteration04,True,True,True,9fcb4d13b5758c3de4ad73b922794618c2aca95d6510061f011cddf8a6aeab52,9fcb4d13b5758c3de4ad73b922794618c2aca95d6510061f011cddf8a6aeab52,inferred-neutral,False,offline_record_audit,False
A03,A03__secure_rag_mode__t2_r002_sonnenblumenoel__public__history3__iteration05,True,True,True,9fcb4d13b5758c3de4ad73b922794618c2aca95d6510061f011cddf8a6aeab52,9fcb4d13b5758c3de4ad73b922794618c2aca95d6510061f011cddf8a6aeab52,inferred-neutral,False,offline_record_audit,False
A03,A03__secure_rag_mode__t2_r002_sonnenblumenoel__public__history5__iteration01,True,True,True,1490c7b59cc0827cc1b58c08ae733495405fe152dbd018e088683cff22b5dea0,1490c7b59cc0827cc1b58c08ae733495405fe152dbd018e088683cff22b5dea0,inferred-neutral,False,offline_record_audit,False
A03,A03__secure_rag_mode__t2_r002_sonnenblumenoel__public__history5__iteration02,True,True,True,1490c7b59cc0827cc1b58c08ae733495405fe152dbd018e088683cff22b5dea0,1490c7b59cc0827cc1b58c08ae733495405fe152dbd018e088683cff22b5dea0,inferred-neutral,False,offline_record_audit,False
A03,A03__secure_rag_mode__t2_r002_sonnenblumenoel__public__history5__iteration03,True,True,True,1490c7b59cc0827cc1b58c08ae733495405fe152dbd018e088683cff22b5dea0,1490c7b59cc0827cc1b58c08ae733495405fe152dbd018e088683cff22b5dea0,inferred-neutral,False,offline_record_audit,False
A03,A03__secure_rag_mode__t2_r002_sonnenblumenoel__public__history5__iteration04,True,True,True,1490c7b59cc0827cc1b58c08ae733495405fe152dbd018e088683cff22b5dea0,1490c7b59cc0827cc1b58c08ae733495405fe152dbd018e088683cff22b5dea0,inferred-neutral,False,offline_record_audit,False
A03,A03__secure_rag_mode__t2_r002_sonnenblumenoel__public__history5__iteration05,True,True,True,1490c7b59cc0827cc1b58c08ae733495405fe152dbd018e088683cff22b5dea0,1490c7b59cc0827cc1b58c08ae733495405fe152dbd018e088683cff22b5dea0,inferred-neutral,False,offline_record_audit,False
A03,A03__secure_rag_mode__t3_r003_panthenol__internal__history1__iteration01,True,True,True,e4d19a4622c8bf3ec95a37c6d0682c09aa9fa0fc8af89c87ea4d7e8dbaf6c3c9,e4d19a4622c8bf3ec95a37c6d0682c09aa9fa0fc8af89c87ea4d7e8dbaf6c3c9,inferred-neutral,False,offline_record_audit,False
A03,A03__secure_rag_mode__t3_r003_panthenol__internal__history1__iteration02,True,True,True,e4d19a4622c8bf3ec95a37c6d0682c09aa9fa0fc8af89c87ea4d7e8dbaf6c3c9,e4d19a4622c8bf3ec95a37c6d0682c09aa9fa0fc8af89c87ea4d7e8dbaf6c3c9,inferred-neutral,False,offline_record_audit,False
A03,A03__secure_rag_mode__t3_r003_panthenol__internal__history1__iteration03,True,True,True,e4d19a4622c8bf3ec95a37c6d0682c09aa9fa0fc8af89c87ea4d7e8dbaf6c3c9,e4d19a4622c8bf3ec95a37c6d0682c09aa9fa0fc8af89c87ea4d7e8dbaf6c3c9,inferred-neutral,False,offline_record_audit,False
A03,A03__secure_rag_mode__t3_r003_panthenol__internal__history1__iteration04,True,True,True,e4d19a4622c8bf3ec95a37c6d0682c09aa9fa0fc8af89c87ea4d7e8dbaf6c3c9,e4d19a4622c8bf3ec95a37c6d0682c09aa9fa0fc8af89c87ea4d7e8dbaf6c3c9,inferred-neutral,False,offline_record_audit,False
A03,A03__secure_rag_mode__t3_r003_panthenol__internal__history1__iteration05,True,True,True,e4d19a4622c8bf3ec95a37c6d0682c09aa9fa0fc8af89c87ea4d7e8dbaf6c3c9,e4d19a4622c8bf3ec95a37c6d0682c09aa9fa0fc8af89c87ea4d7e8dbaf6c3c9,inferred-neutral,False,offline_record_audit,False
A03,A03__secure_rag_mode__t3_r003_panthenol__internal__history3__iteration01,True,True,True,de25fa8bbe4337205d4c28f8eee0a73f28146b2341937615814826ceefb9bed0,de25fa8bbe4337205d4c28f8eee0a73f28146b2341937615814826ceefb9bed0,inferred-neutral,False,offline_record_audit,False
A03,A03__secure_rag_mode__t3_r003_panthenol__internal__history3__iteration02,True,True,True,de25fa8bbe4337205d4c28f8eee0a73f28146b2341937615814826ceefb9bed0,de25fa8bbe4337205d4c28f8eee0a73f28146b2341937615814826ceefb9bed0,inferred-neutral,False,offline_record_audit,False
A03,A03__secure_rag_mode__t3_r003_panthenol__internal__history3__iteration03,True,True,True,de25fa8bbe4337205d4c28f8eee0a73f28146b2341937615814826ceefb9bed0,de25fa8bbe4337205d4c28f8eee0a73f28146b2341937615814826ceefb9bed0,inferred-neutral,False,offline_record_audit,False
A03,A03__secure_rag_mode__t3_r003_panthenol__internal__history3__iteration04,True,True,True,de25fa8bbe4337205d4c28f8eee0a73f28146b2341937615814826ceefb9bed0,de25fa8bbe4337205d4c28f8eee0a73f28146b2341937615814826ceefb9bed0,inferred-neutral,False,offline_record_audit,False
A03,A03__secure_rag_mode__t3_r003_panthenol__internal__history3__iteration05,True,True,True,de25fa8bbe4337205d4c28f8eee0a73f28146b2341937615814826ceefb9bed0,de25fa8bbe4337205d4c28f8eee0a73f28146b2341937615814826ceefb9bed0,inferred-neutral,False,offline_record_audit,False
A03,A03__secure_rag_mode__t3_r003_panthenol__internal__history5__iteration01,True,True,True,14349dc2e1320f467f358b495df4ca090c4af2bca530fa3e5ba89f71187632d5,14349dc2e1320f467f358b495df4ca090c4af2bca530fa3e5ba89f71187632d5,inferred-neutral,False,offline_record_audit,False
A03,A03__secure_rag_mode__t3_r003_panthenol__internal__history5__iteration02,True,True,True,14349dc2e1320f467f358b495df4ca090c4af2bca530fa3e5ba89f71187632d5,14349dc2e1320f467f358b495df4ca090c4af2bca530fa3e5ba89f71187632d5,inferred-neutral,False,offline_record_audit,False
A03,A03__secure_rag_mode__t3_r003_panthenol__internal__history5__iteration03,True,True,True,14349dc2e1320f467f358b495df4ca090c4af2bca530fa3e5ba89f71187632d5,14349dc2e1320f467f358b495df4ca090c4af2bca530fa3e5ba89f71187632d5,inferred-neutral,False,offline_record_audit,False
A03,A03__secure_rag_mode__t3_r003_panthenol__internal__history5__iteration04,True,True,True,14349dc2e1320f467f358b495df4ca090c4af2bca530fa3e5ba89f71187632d5,14349dc2e1320f467f358b495df4ca090c4af2bca530fa3e5ba89f71187632d5,inferred-neutral,False,offline_record_audit,False
A03,A03__secure_rag_mode__t3_r003_panthenol__internal__history5__iteration05,True,True,True,14349dc2e1320f467f358b495df4ca090c4af2bca530fa3e5ba89f71187632d5,14349dc2e1320f467f358b495df4ca090c4af2bca530fa3e5ba89f71187632d5,inferred-neutral,False,offline_record_audit,False
A03,A03__secure_rag_mode__t3_r003_panthenol__protected__history1__iteration01,True,True,True,e4d19a4622c8bf3ec95a37c6d0682c09aa9fa0fc8af89c87ea4d7e8dbaf6c3c9,e4d19a4622c8bf3ec95a37c6d0682c09aa9fa0fc8af89c87ea4d7e8dbaf6c3c9,inferred-neutral,False,offline_record_audit,False
A03,A03__secure_rag_mode__t3_r003_panthenol__protected__history1__iteration02,True,True,True,e4d19a4622c8bf3ec95a37c6d0682c09aa9fa0fc8af89c87ea4d7e8dbaf6c3c9,e4d19a4622c8bf3ec95a37c6d0682c09aa9fa0fc8af89c87ea4d7e8dbaf6c3c9,inferred-neutral,False,offline_record_audit,False
A03,A03__secure_rag_mode__t3_r003_panthenol__protected__history1__iteration03,True,True,True,e4d19a4622c8bf3ec95a37c6d0682c09aa9fa0fc8af89c87ea4d7e8dbaf6c3c9,e4d19a4622c8bf3ec95a37c6d0682c09aa9fa0fc8af89c87ea4d7e8dbaf6c3c9,inferred-neutral,False,offline_record_audit,False
A03,A03__secure_rag_mode__t3_r003_panthenol__protected__history1__iteration04,True,True,True,e4d19a4622c8bf3ec95a37c6d0682c09aa9fa0fc8af89c87ea4d7e8dbaf6c3c9,e4d19a4622c8bf3ec95a37c6d0682c09aa9fa0fc8af89c87ea4d7e8dbaf6c3c9,inferred-neutral,False,offline_record_audit,False
A03,A03__secure_rag_mode__t3_r003_panthenol__protected__history1__iteration05,True,True,True,e4d19a4622c8bf3ec95a37c6d0682c09aa9fa0fc8af89c87ea4d7e8dbaf6c3c9,e4d19a4622c8bf3ec95a37c6d0682c09aa9fa0fc8af89c87ea4d7e8dbaf6c3c9,inferred-neutral,False,offline_record_audit,False
A03,A03__secure_rag_mode__t3_r003_panthenol__protected__history3__iteration01,True,True,True,de25fa8bbe4337205d4c28f8eee0a73f28146b2341937615814826ceefb9bed0,de25fa8bbe4337205d4c28f8eee0a73f28146b2341937615814826ceefb9bed0,inferred-neutral,False,offline_record_audit,False
A03,A03__secure_rag_mode__t3_r003_panthenol__protected__history3__iteration02,True,True,True,de25fa8bbe4337205d4c28f8eee0a73f28146b2341937615814826ceefb9bed0,de25fa8bbe4337205d4c28f8eee0a73f28146b2341937615814826ceefb9bed0,inferred-neutral,False,offline_record_audit,False
A03,A03__secure_rag_mode__t3_r003_panthenol__protected__history3__iteration03,True,True,True,de25fa8bbe4337205d4c28f8eee0a73f28146b2341937615814826ceefb9bed0,de25fa8bbe4337205d4c28f8eee0a73f28146b2341937615814826ceefb9bed0,inferred-neutral,False,offline_record_audit,False
A03,A03__secure_rag_mode__t3_r003_panthenol__protected__history3__iteration04,True,True,True,de25fa8bbe4337205d4c28f8eee0a73f28146b2341937615814826ceefb9bed0,de25fa8bbe4337205d4c28f8eee0a73f28146b2341937615814826ceefb9bed0,inferred-neutral,False,offline_record_audit,False
A03,A03__secure_rag_mode__t3_r003_panthenol__protected__history3__iteration05,True,True,True,de25fa8bbe4337205d4c28f8eee0a73f28146b2341937615814826ceefb9bed0,de25fa8bbe4337205d4c28f8eee0a73f28146b2341937615814826ceefb9bed0,inferred-neutral,False,offline_record_audit,False
A03,A03__secure_rag_mode__t3_r003_panthenol__protected__history5__iteration01,True,True,True,14349dc2e1320f467f358b495df4ca090c4af2bca530fa3e5ba89f71187632d5,14349dc2e1320f467f358b495df4ca090c4af2bca530fa3e5ba89f71187632d5,inferred-neutral,False,offline_record_audit,False
A03,A03__secure_rag_mode__t3_r003_panthenol__protected__history5__iteration02,True,True,True,14349dc2e1320f467f358b495df4ca090c4af2bca530fa3e5ba89f71187632d5,14349dc2e1320f467f358b495df4ca090c4af2bca530fa3e5ba89f71187632d5,inferred-neutral,False,offline_record_audit,False
A03,A03__secure_rag_mode__t3_r003_panthenol__protected__history5__iteration03,True,True,True,14349dc2e1320f467f358b495df4ca090c4af2bca530fa3e5ba89f71187632d5,14349dc2e1320f467f358b495df4ca090c4af2bca530fa3e5ba89f71187632d5,inferred-neutral,False,offline_record_audit,False
A03,A03__secure_rag_mode__t3_r003_panthenol__protected__history5__iteration04,True,True,True,14349dc2e1320f467f358b495df4ca090c4af2bca530fa3e5ba89f71187632d5,14349dc2e1320f467f358b495df4ca090c4af2bca530fa3e5ba89f71187632d5,inferred-neutral,False,offline_record_audit,False
A03,A03__secure_rag_mode__t3_r003_panthenol__protected__history5__iteration05,True,True,True,14349dc2e1320f467f358b495df4ca090c4af2bca530fa3e5ba89f71187632d5,14349dc2e1320f467f358b495df4ca090c4af2bca530fa3e5ba89f71187632d5,inferred-neutral,False,offline_record_audit,False
A03,A03__secure_rag_mode__t3_r003_panthenol__public__history1__iteration01,True,True,True,e4d19a4622c8bf3ec95a37c6d0682c09aa9fa0fc8af89c87ea4d7e8dbaf6c3c9,e4d19a4622c8bf3ec95a37c6d0682c09aa9fa0fc8af89c87ea4d7e8dbaf6c3c9,inferred-neutral,False,offline_record_audit,False
A03,A03__secure_rag_mode__t3_r003_panthenol__public__history1__iteration02,True,True,True,e4d19a4622c8bf3ec95a37c6d0682c09aa9fa0fc8af89c87ea4d7e8dbaf6c3c9,e4d19a4622c8bf3ec95a37c6d0682c09aa9fa0fc8af89c87ea4d7e8dbaf6c3c9,inferred-neutral,False,offline_record_audit,False
A03,A03__secure_rag_mode__t3_r003_panthenol__public__history1__iteration03,True,True,True,e4d19a4622c8bf3ec95a37c6d0682c09aa9fa0fc8af89c87ea4d7e8dbaf6c3c9,e4d19a4622c8bf3ec95a37c6d0682c09aa9fa0fc8af89c87ea4d7e8dbaf6c3c9,inferred-neutral,False,offline_record_audit,False
A03,A03__secure_rag_mode__t3_r003_panthenol__public__history1__iteration04,True,True,True,e4d19a4622c8bf3ec95a37c6d0682c09aa9fa0fc8af89c87ea4d7e8dbaf6c3c9,e4d19a4622c8bf3ec95a37c6d0682c09aa9fa0fc8af89c87ea4d7e8dbaf6c3c9,inferred-neutral,False,offline_record_audit,False
A03,A03__secure_rag_mode__t3_r003_panthenol__public__history1__iteration05,True,True,True,e4d19a4622c8bf3ec95a37c6d0682c09aa9fa0fc8af89c87ea4d7e8dbaf6c3c9,e4d19a4622c8bf3ec95a37c6d0682c09aa9fa0fc8af89c87ea4d7e8dbaf6c3c9,inferred-neutral,False,offline_record_audit,False
A03,A03__secure_rag_mode__t3_r003_panthenol__public__history3__iteration01,True,True,True,de25fa8bbe4337205d4c28f8eee0a73f28146b2341937615814826ceefb9bed0,de25fa8bbe4337205d4c28f8eee0a73f28146b2341937615814826ceefb9bed0,inferred-neutral,False,offline_record_audit,False
A03,A03__secure_rag_mode__t3_r003_panthenol__public__history3__iteration02,True,True,True,de25fa8bbe4337205d4c28f8eee0a73f28146b2341937615814826ceefb9bed0,de25fa8bbe4337205d4c28f8eee0a73f28146b2341937615814826ceefb9bed0,inferred-neutral,False,offline_record_audit,False
A03,A03__secure_rag_mode__t3_r003_panthenol__public__history3__iteration03,True,True,True,de25fa8bbe4337205d4c28f8eee0a73f28146b2341937615814826ceefb9bed0,de25fa8bbe4337205d4c28f8eee0a73f28146b2341937615814826ceefb9bed0,inferred-neutral,False,offline_record_audit,False
A03,A03__secure_rag_mode__t3_r003_panthenol__public__history3__iteration04,True,True,True,de25fa8bbe4337205d4c28f8eee0a73f28146b2341937615814826ceefb9bed0,de25fa8bbe4337205d4c28f8eee0a73f28146b2341937615814826ceefb9bed0,inferred-neutral,False,offline_record_audit,False
A03,A03__secure_rag_mode__t3_r003_panthenol__public__history3__iteration05,True,True,True,de25fa8bbe4337205d4c28f8eee0a73f28146b2341937615814826ceefb9bed0,de25fa8bbe4337205d4c28f8eee0a73f28146b2341937615814826ceefb9bed0,inferred-neutral,False,offline_record_audit,False
A03,A03__secure_rag_mode__t3_r003_panthenol__public__history5__iteration01,True,True,True,14349dc2e1320f467f358b495df4ca090c4af2bca530fa3e5ba89f71187632d5,14349dc2e1320f467f358b495df4ca090c4af2bca530fa3e5ba89f71187632d5,inferred-neutral,False,offline_record_audit,False
A03,A03__secure_rag_mode__t3_r003_panthenol__public__history5__iteration02,True,True,True,14349dc2e1320f467f358b495df4ca090c4af2bca530fa3e5ba89f71187632d5,14349dc2e1320f467f358b495df4ca090c4af2bca530fa3e5ba89f71187632d5,inferred-neutral,False,offline_record_audit,False
A03,A03__secure_rag_mode__t3_r003_panthenol__public__history5__iteration03,True,True,True,14349dc2e1320f467f358b495df4ca090c4af2bca530fa3e5ba89f71187632d5,14349dc2e1320f467f358b495df4ca090c4af2bca530fa3e5ba89f71187632d5,inferred-neutral,False,offline_record_audit,False
A03,A03__secure_rag_mode__t3_r003_panthenol__public__history5__iteration04,True,True,True,14349dc2e1320f467f358b495df4ca090c4af2bca530fa3e5ba89f71187632d5,14349dc2e1320f467f358b495df4ca090c4af2bca530fa3e5ba89f71187632d5,inferred-neutral,False,offline_record_audit,False
A03,A03__secure_rag_mode__t3_r003_panthenol__public__history5__iteration05,True,True,True,14349dc2e1320f467f358b495df4ca090c4af2bca530fa3e5ba89f71187632d5,14349dc2e1320f467f358b495df4ca090c4af2bca530fa3e5ba89f71187632d5,inferred-neutral,False,offline_record_audit,False
A03,A03__secure_rag_mode__t4_r005_kamillenextrakt__internal__history1__iteration01,True,True,True,112fdef40db660d2a36f0b828e847f22c5ece59f21d0ce7a55e3fa8bfce6a2ee,112fdef40db660d2a36f0b828e847f22c5ece59f21d0ce7a55e3fa8bfce6a2ee,inferred-neutral,False,offline_record_audit,False
A03,A03__secure_rag_mode__t4_r005_kamillenextrakt__internal__history1__iteration02,True,True,True,112fdef40db660d2a36f0b828e847f22c5ece59f21d0ce7a55e3fa8bfce6a2ee,112fdef40db660d2a36f0b828e847f22c5ece59f21d0ce7a55e3fa8bfce6a2ee,inferred-neutral,False,offline_record_audit,False
A03,A03__secure_rag_mode__t4_r005_kamillenextrakt__internal__history1__iteration03,True,True,True,112fdef40db660d2a36f0b828e847f22c5ece59f21d0ce7a55e3fa8bfce6a2ee,112fdef40db660d2a36f0b828e847f22c5ece59f21d0ce7a55e3fa8bfce6a2ee,inferred-neutral,False,offline_record_audit,False
A03,A03__secure_rag_mode__t4_r005_kamillenextrakt__internal__history1__iteration04,True,True,True,112fdef40db660d2a36f0b828e847f22c5ece59f21d0ce7a55e3fa8bfce6a2ee,112fdef40db660d2a36f0b828e847f22c5ece59f21d0ce7a55e3fa8bfce6a2ee,inferred-neutral,False,offline_record_audit,False
A03,A03__secure_rag_mode__t4_r005_kamillenextrakt__internal__history1__iteration05,True,True,True,112fdef40db660d2a36f0b828e847f22c5ece59f21d0ce7a55e3fa8bfce6a2ee,112fdef40db660d2a36f0b828e847f22c5ece59f21d0ce7a55e3fa8bfce6a2ee,inferred-neutral,False,offline_record_audit,False
A03,A03__secure_rag_mode__t4_r005_kamillenextrakt__internal__history3__iteration01,True,True,True,2526e9e7fa3e63ea8b9cbf082d476235e39f6e7846fe85157380659b5b10106e,2526e9e7fa3e63ea8b9cbf082d476235e39f6e7846fe85157380659b5b10106e,inferred-neutral,False,offline_record_audit,False
A03,A03__secure_rag_mode__t4_r005_kamillenextrakt__internal__history3__iteration02,True,True,True,2526e9e7fa3e63ea8b9cbf082d476235e39f6e7846fe85157380659b5b10106e,2526e9e7fa3e63ea8b9cbf082d476235e39f6e7846fe85157380659b5b10106e,inferred-neutral,False,offline_record_audit,False
A03,A03__secure_rag_mode__t4_r005_kamillenextrakt__internal__history3__iteration03,True,True,True,2526e9e7fa3e63ea8b9cbf082d476235e39f6e7846fe85157380659b5b10106e,2526e9e7fa3e63ea8b9cbf082d476235e39f6e7846fe85157380659b5b10106e,inferred-neutral,False,offline_record_audit,False
A03,A03__secure_rag_mode__t4_r005_kamillenextrakt__internal__history3__iteration04,True,True,True,2526e9e7fa3e63ea8b9cbf082d476235e39f6e7846fe85157380659b5b10106e,2526e9e7fa3e63ea8b9cbf082d476235e39f6e7846fe85157380659b5b10106e,inferred-neutral,False,offline_record_audit,False
A03,A03__secure_rag_mode__t4_r005_kamillenextrakt__internal__history3__iteration05,True,True,True,2526e9e7fa3e63ea8b9cbf082d476235e39f6e7846fe85157380659b5b10106e,2526e9e7fa3e63ea8b9cbf082d476235e39f6e7846fe85157380659b5b10106e,inferred-neutral,False,offline_record_audit,False
A03,A03__secure_rag_mode__t4_r005_kamillenextrakt__internal__history5__iteration01,True,True,True,da65699d899624ae0cb81e6e871fbb3fe0f2a67cfea210c0acf7688a9841c475,da65699d899624ae0cb81e6e871fbb3fe0f2a67cfea210c0acf7688a9841c475,inferred-neutral,False,offline_record_audit,False
A03,A03__secure_rag_mode__t4_r005_kamillenextrakt__internal__history5__iteration02,True,True,True,da65699d899624ae0cb81e6e871fbb3fe0f2a67cfea210c0acf7688a9841c475,da65699d899624ae0cb81e6e871fbb3fe0f2a67cfea210c0acf7688a9841c475,inferred-neutral,False,offline_record_audit,False
A03,A03__secure_rag_mode__t4_r005_kamillenextrakt__internal__history5__iteration03,True,True,True,da65699d899624ae0cb81e6e871fbb3fe0f2a67cfea210c0acf7688a9841c475,da65699d899624ae0cb81e6e871fbb3fe0f2a67cfea210c0acf7688a9841c475,inferred-neutral,False,offline_record_audit,False
A03,A03__secure_rag_mode__t4_r005_kamillenextrakt__internal__history5__iteration04,True,True,True,da65699d899624ae0cb81e6e871fbb3fe0f2a67cfea210c0acf7688a9841c475,da65699d899624ae0cb81e6e871fbb3fe0f2a67cfea210c0acf7688a9841c475,inferred-neutral,False,offline_record_audit,False
A03,A03__secure_rag_mode__t4_r005_kamillenextrakt__internal__history5__iteration05,True,True,True,da65699d899624ae0cb81e6e871fbb3fe0f2a67cfea210c0acf7688a9841c475,da65699d899624ae0cb81e6e871fbb3fe0f2a67cfea210c0acf7688a9841c475,inferred-neutral,False,offline_record_audit,False
A03,A03__secure_rag_mode__t4_r005_kamillenextrakt__protected__history1__iteration01,True,True,True,112fdef40db660d2a36f0b828e847f22c5ece59f21d0ce7a55e3fa8bfce6a2ee,112fdef40db660d2a36f0b828e847f22c5ece59f21d0ce7a55e3fa8bfce6a2ee,inferred-neutral,False,offline_record_audit,False
A03,A03__secure_rag_mode__t4_r005_kamillenextrakt__protected__history1__iteration02,True,True,True,112fdef40db660d2a36f0b828e847f22c5ece59f21d0ce7a55e3fa8bfce6a2ee,112fdef40db660d2a36f0b828e847f22c5ece59f21d0ce7a55e3fa8bfce6a2ee,inferred-neutral,False,offline_record_audit,False
A03,A03__secure_rag_mode__t4_r005_kamillenextrakt__protected__history1__iteration03,True,True,True,112fdef40db660d2a36f0b828e847f22c5ece59f21d0ce7a55e3fa8bfce6a2ee,112fdef40db660d2a36f0b828e847f22c5ece59f21d0ce7a55e3fa8bfce6a2ee,inferred-neutral,False,offline_record_audit,False
A03,A03__secure_rag_mode__t4_r005_kamillenextrakt__protected__history1__iteration04,True,True,True,112fdef40db660d2a36f0b828e847f22c5ece59f21d0ce7a55e3fa8bfce6a2ee,112fdef40db660d2a36f0b828e847f22c5ece59f21d0ce7a55e3fa8bfce6a2ee,inferred-neutral,False,offline_record_audit,False
A03,A03__secure_rag_mode__t4_r005_kamillenextrakt__protected__history1__iteration05,True,True,True,112fdef40db660d2a36f0b828e847f22c5ece59f21d0ce7a55e3fa8bfce6a2ee,112fdef40db660d2a36f0b828e847f22c5ece59f21d0ce7a55e3fa8bfce6a2ee,inferred-neutral,False,offline_record_audit,False
A03,A03__secure_rag_mode__t4_r005_kamillenextrakt__protected__history3__iteration01,True,True,True,2526e9e7fa3e63ea8b9cbf082d476235e39f6e7846fe85157380659b5b10106e,2526e9e7fa3e63ea8b9cbf082d476235e39f6e7846fe85157380659b5b10106e,inferred-neutral,False,offline_record_audit,False
A03,A03__secure_rag_mode__t4_r005_kamillenextrakt__protected__history3__iteration02,True,True,True,2526e9e7fa3e63ea8b9cbf082d476235e39f6e7846fe85157380659b5b10106e,2526e9e7fa3e63ea8b9cbf082d476235e39f6e7846fe85157380659b5b10106e,inferred-neutral,False,offline_record_audit,False
A03,A03__secure_rag_mode__t4_r005_kamillenextrakt__protected__history3__iteration03,True,True,True,2526e9e7fa3e63ea8b9cbf082d476235e39f6e7846fe85157380659b5b10106e,2526e9e7fa3e63ea8b9cbf082d476235e39f6e7846fe85157380659b5b10106e,inferred-neutral,False,offline_record_audit,False
A03,A03__secure_rag_mode__t4_r005_kamillenextrakt__protected__history3__iteration04,True,True,True,2526e9e7fa3e63ea8b9cbf082d476235e39f6e7846fe85157380659b5b10106e,2526e9e7fa3e63ea8b9cbf082d476235e39f6e7846fe85157380659b5b10106e,inferred-neutral,False,offline_record_audit,False
A03,A03__secure_rag_mode__t4_r005_kamillenextrakt__protected__history3__iteration05,True,True,True,2526e9e7fa3e63ea8b9cbf082d476235e39f6e7846fe85157380659b5b10106e,2526e9e7fa3e63ea8b9cbf082d476235e39f6e7846fe85157380659b5b10106e,inferred-neutral,False,offline_record_audit,False
A03,A03__secure_rag_mode__t4_r005_kamillenextrakt__protected__history5__iteration01,True,True,True,da65699d899624ae0cb81e6e871fbb3fe0f2a67cfea210c0acf7688a9841c475,da65699d899624ae0cb81e6e871fbb3fe0f2a67cfea210c0acf7688a9841c475,inferred-neutral,False,offline_record_audit,False
A03,A03__secure_rag_mode__t4_r005_kamillenextrakt__protected__history5__iteration02,True,True,True,da65699d899624ae0cb81e6e871fbb3fe0f2a67cfea210c0acf7688a9841c475,da65699d899624ae0cb81e6e871fbb3fe0f2a67cfea210c0acf7688a9841c475,inferred-neutral,False,offline_record_audit,False
A03,A03__secure_rag_mode__t4_r005_kamillenextrakt__protected__history5__iteration03,True,True,True,da65699d899624ae0cb81e6e871fbb3fe0f2a67cfea210c0acf7688a9841c475,da65699d899624ae0cb81e6e871fbb3fe0f2a67cfea210c0acf7688a9841c475,inferred-neutral,False,offline_record_audit,False
A03,A03__secure_rag_mode__t4_r005_kamillenextrakt__protected__history5__iteration04,True,True,True,da65699d899624ae0cb81e6e871fbb3fe0f2a67cfea210c0acf7688a9841c475,da65699d899624ae0cb81e6e871fbb3fe0f2a67cfea210c0acf7688a9841c475,inferred-neutral,False,offline_record_audit,False
A03,A03__secure_rag_mode__t4_r005_kamillenextrakt__protected__history5__iteration05,True,True,True,da65699d899624ae0cb81e6e871fbb3fe0f2a67cfea210c0acf7688a9841c475,da65699d899624ae0cb81e6e871fbb3fe0f2a67cfea210c0acf7688a9841c475,inferred-neutral,False,offline_record_audit,False
A03,A03__secure_rag_mode__t4_r005_kamillenextrakt__public__history1__iteration01,True,True,True,112fdef40db660d2a36f0b828e847f22c5ece59f21d0ce7a55e3fa8bfce6a2ee,112fdef40db660d2a36f0b828e847f22c5ece59f21d0ce7a55e3fa8bfce6a2ee,inferred-neutral,False,offline_record_audit,False
A03,A03__secure_rag_mode__t4_r005_kamillenextrakt__public__history1__iteration02,True,True,True,112fdef40db660d2a36f0b828e847f22c5ece59f21d0ce7a55e3fa8bfce6a2ee,112fdef40db660d2a36f0b828e847f22c5ece59f21d0ce7a55e3fa8bfce6a2ee,inferred-neutral,False,offline_record_audit,False
A03,A03__secure_rag_mode__t4_r005_kamillenextrakt__public__history1__iteration03,True,True,True,112fdef40db660d2a36f0b828e847f22c5ece59f21d0ce7a55e3fa8bfce6a2ee,112fdef40db660d2a36f0b828e847f22c5ece59f21d0ce7a55e3fa8bfce6a2ee,inferred-neutral,False,offline_record_audit,False
A03,A03__secure_rag_mode__t4_r005_kamillenextrakt__public__history1__iteration04,True,True,True,112fdef40db660d2a36f0b828e847f22c5ece59f21d0ce7a55e3fa8bfce6a2ee,112fdef40db660d2a36f0b828e847f22c5ece59f21d0ce7a55e3fa8bfce6a2ee,inferred-neutral,False,offline_record_audit,False
A03,A03__secure_rag_mode__t4_r005_kamillenextrakt__public__history1__iteration05,True,True,True,112fdef40db660d2a36f0b828e847f22c5ece59f21d0ce7a55e3fa8bfce6a2ee,112fdef40db660d2a36f0b828e847f22c5ece59f21d0ce7a55e3fa8bfce6a2ee,inferred-neutral,False,offline_record_audit,False
A03,A03__secure_rag_mode__t4_r005_kamillenextrakt__public__history3__iteration01,True,True,True,2526e9e7fa3e63ea8b9cbf082d476235e39f6e7846fe85157380659b5b10106e,2526e9e7fa3e63ea8b9cbf082d476235e39f6e7846fe85157380659b5b10106e,inferred-neutral,False,offline_record_audit,False
A03,A03__secure_rag_mode__t4_r005_kamillenextrakt__public__history3__iteration02,True,True,True,2526e9e7fa3e63ea8b9cbf082d476235e39f6e7846fe85157380659b5b10106e,2526e9e7fa3e63ea8b9cbf082d476235e39f6e7846fe85157380659b5b10106e,inferred-neutral,False,offline_record_audit,False
A03,A03__secure_rag_mode__t4_r005_kamillenextrakt__public__history3__iteration03,True,True,True,2526e9e7fa3e63ea8b9cbf082d476235e39f6e7846fe85157380659b5b10106e,2526e9e7fa3e63ea8b9cbf082d476235e39f6e7846fe85157380659b5b10106e,inferred-neutral,False,offline_record_audit,False
A03,A03__secure_rag_mode__t4_r005_kamillenextrakt__public__history3__iteration04,True,True,True,2526e9e7fa3e63ea8b9cbf082d476235e39f6e7846fe85157380659b5b10106e,2526e9e7fa3e63ea8b9cbf082d476235e39f6e7846fe85157380659b5b10106e,inferred-neutral,False,offline_record_audit,False
A03,A03__secure_rag_mode__t4_r005_kamillenextrakt__public__history3__iteration05,True,True,True,2526e9e7fa3e63ea8b9cbf082d476235e39f6e7846fe85157380659b5b10106e,2526e9e7fa3e63ea8b9cbf082d476235e39f6e7846fe85157380659b5b10106e,inferred-neutral,False,offline_record_audit,False
A03,A03__secure_rag_mode__t4_r005_kamillenextrakt__public__history5__iteration01,True,True,True,da65699d899624ae0cb81e6e871fbb3fe0f2a67cfea210c0acf7688a9841c475,da65699d899624ae0cb81e6e871fbb3fe0f2a67cfea210c0acf7688a9841c475,inferred-neutral,False,offline_record_audit,False
A03,A03__secure_rag_mode__t4_r005_kamillenextrakt__public__history5__iteration02,True,True,True,da65699d899624ae0cb81e6e871fbb3fe0f2a67cfea210c0acf7688a9841c475,da65699d899624ae0cb81e6e871fbb3fe0f2a67cfea210c0acf7688a9841c475,inferred-neutral,False,offline_record_audit,False
A03,A03__secure_rag_mode__t4_r005_kamillenextrakt__public__history5__iteration03,True,True,True,da65699d899624ae0cb81e6e871fbb3fe0f2a67cfea210c0acf7688a9841c475,da65699d899624ae0cb81e6e871fbb3fe0f2a67cfea210c0acf7688a9841c475,inferred-neutral,False,offline_record_audit,False
A03,A03__secure_rag_mode__t4_r005_kamillenextrakt__public__history5__iteration04,True,True,True,da65699d899624ae0cb81e6e871fbb3fe0f2a67cfea210c0acf7688a9841c475,da65699d899624ae0cb81e6e871fbb3fe0f2a67cfea210c0acf7688a9841c475,inferred-neutral,False,offline_record_audit,False
A03,A03__secure_rag_mode__t4_r005_kamillenextrakt__public__history5__iteration05,True,True,True,da65699d899624ae0cb81e6e871fbb3fe0f2a67cfea210c0acf7688a9841c475,da65699d899624ae0cb81e6e871fbb3fe0f2a67cfea210c0acf7688a9841c475,inferred-neutral,False,offline_record_audit,False
A03,A03__secure_rag_mode__t5_r006_aloe_vera_gel__internal__history1__iteration01,True,True,True,5b099b4097007c26e35125da00d2fbe6bbb5262e1f50d1928bfaf274f7869b50,5b099b4097007c26e35125da00d2fbe6bbb5262e1f50d1928bfaf274f7869b50,inferred-neutral,False,offline_record_audit,False
A03,A03__secure_rag_mode__t5_r006_aloe_vera_gel__internal__history1__iteration02,True,True,True,5b099b4097007c26e35125da00d2fbe6bbb5262e1f50d1928bfaf274f7869b50,5b099b4097007c26e35125da00d2fbe6bbb5262e1f50d1928bfaf274f7869b50,inferred-neutral,False,offline_record_audit,False
A03,A03__secure_rag_mode__t5_r006_aloe_vera_gel__internal__history1__iteration03,True,True,True,5b099b4097007c26e35125da00d2fbe6bbb5262e1f50d1928bfaf274f7869b50,5b099b4097007c26e35125da00d2fbe6bbb5262e1f50d1928bfaf274f7869b50,inferred-neutral,False,offline_record_audit,False
A03,A03__secure_rag_mode__t5_r006_aloe_vera_gel__internal__history1__iteration04,True,True,True,5b099b4097007c26e35125da00d2fbe6bbb5262e1f50d1928bfaf274f7869b50,5b099b4097007c26e35125da00d2fbe6bbb5262e1f50d1928bfaf274f7869b50,inferred-neutral,False,offline_record_audit,False
A03,A03__secure_rag_mode__t5_r006_aloe_vera_gel__internal__history1__iteration05,True,True,True,5b099b4097007c26e35125da00d2fbe6bbb5262e1f50d1928bfaf274f7869b50,5b099b4097007c26e35125da00d2fbe6bbb5262e1f50d1928bfaf274f7869b50,inferred-neutral,False,offline_record_audit,False
A03,A03__secure_rag_mode__t5_r006_aloe_vera_gel__internal__history3__iteration01,True,True,True,17de7270b24e89c05879c3cdffcfad7bf98b8e20eb732a29d66277f8c5b2109b,17de7270b24e89c05879c3cdffcfad7bf98b8e20eb732a29d66277f8c5b2109b,inferred-neutral,False,offline_record_audit,False
A03,A03__secure_rag_mode__t5_r006_aloe_vera_gel__internal__history3__iteration02,True,True,True,17de7270b24e89c05879c3cdffcfad7bf98b8e20eb732a29d66277f8c5b2109b,17de7270b24e89c05879c3cdffcfad7bf98b8e20eb732a29d66277f8c5b2109b,inferred-neutral,False,offline_record_audit,False
A03,A03__secure_rag_mode__t5_r006_aloe_vera_gel__internal__history3__iteration03,True,True,True,17de7270b24e89c05879c3cdffcfad7bf98b8e20eb732a29d66277f8c5b2109b,17de7270b24e89c05879c3cdffcfad7bf98b8e20eb732a29d66277f8c5b2109b,inferred-neutral,False,offline_record_audit,False
A03,A03__secure_rag_mode__t5_r006_aloe_vera_gel__internal__history3__iteration04,True,True,True,17de7270b24e89c05879c3cdffcfad7bf98b8e20eb732a29d66277f8c5b2109b,17de7270b24e89c05879c3cdffcfad7bf98b8e20eb732a29d66277f8c5b2109b,inferred-neutral,False,offline_record_audit,False
A03,A03__secure_rag_mode__t5_r006_aloe_vera_gel__internal__history3__iteration05,True,True,True,17de7270b24e89c05879c3cdffcfad7bf98b8e20eb732a29d66277f8c5b2109b,17de7270b24e89c05879c3cdffcfad7bf98b8e20eb732a29d66277f8c5b2109b,inferred-neutral,False,offline_record_audit,False
A03,A03__secure_rag_mode__t5_r006_aloe_vera_gel__internal__history5__iteration01,True,True,True,5085d9320f43a6043e1194d1e1efa2401d0a3774ef7c128dec10db6f07103c45,5085d9320f43a6043e1194d1e1efa2401d0a3774ef7c128dec10db6f07103c45,inferred-neutral,False,offline_record_audit,False
A03,A03__secure_rag_mode__t5_r006_aloe_vera_gel__internal__history5__iteration02,True,True,True,5085d9320f43a6043e1194d1e1efa2401d0a3774ef7c128dec10db6f07103c45,5085d9320f43a6043e1194d1e1efa2401d0a3774ef7c128dec10db6f07103c45,inferred-neutral,False,offline_record_audit,False
A03,A03__secure_rag_mode__t5_r006_aloe_vera_gel__internal__history5__iteration03,True,True,True,5085d9320f43a6043e1194d1e1efa2401d0a3774ef7c128dec10db6f07103c45,5085d9320f43a6043e1194d1e1efa2401d0a3774ef7c128dec10db6f07103c45,inferred-neutral,False,offline_record_audit,False
A03,A03__secure_rag_mode__t5_r006_aloe_vera_gel__internal__history5__iteration04,True,True,True,5085d9320f43a6043e1194d1e1efa2401d0a3774ef7c128dec10db6f07103c45,5085d9320f43a6043e1194d1e1efa2401d0a3774ef7c128dec10db6f07103c45,inferred-neutral,False,offline_record_audit,False
A03,A03__secure_rag_mode__t5_r006_aloe_vera_gel__internal__history5__iteration05,True,True,True,5085d9320f43a6043e1194d1e1efa2401d0a3774ef7c128dec10db6f07103c45,5085d9320f43a6043e1194d1e1efa2401d0a3774ef7c128dec10db6f07103c45,inferred-neutral,False,offline_record_audit,False
A03,A03__secure_rag_mode__t5_r006_aloe_vera_gel__protected__history1__iteration01,True,True,True,5b099b4097007c26e35125da00d2fbe6bbb5262e1f50d1928bfaf274f7869b50,5b099b4097007c26e35125da00d2fbe6bbb5262e1f50d1928bfaf274f7869b50,inferred-neutral,False,offline_record_audit,False
A03,A03__secure_rag_mode__t5_r006_aloe_vera_gel__protected__history1__iteration02,True,True,True,5b099b4097007c26e35125da00d2fbe6bbb5262e1f50d1928bfaf274f7869b50,5b099b4097007c26e35125da00d2fbe6bbb5262e1f50d1928bfaf274f7869b50,inferred-neutral,False,offline_record_audit,False
A03,A03__secure_rag_mode__t5_r006_aloe_vera_gel__protected__history1__iteration03,True,True,True,5b099b4097007c26e35125da00d2fbe6bbb5262e1f50d1928bfaf274f7869b50,5b099b4097007c26e35125da00d2fbe6bbb5262e1f50d1928bfaf274f7869b50,inferred-neutral,False,offline_record_audit,False
A03,A03__secure_rag_mode__t5_r006_aloe_vera_gel__protected__history1__iteration04,True,True,True,5b099b4097007c26e35125da00d2fbe6bbb5262e1f50d1928bfaf274f7869b50,5b099b4097007c26e35125da00d2fbe6bbb5262e1f50d1928bfaf274f7869b50,inferred-neutral,False,offline_record_audit,False
A03,A03__secure_rag_mode__t5_r006_aloe_vera_gel__protected__history1__iteration05,True,True,True,5b099b4097007c26e35125da00d2fbe6bbb5262e1f50d1928bfaf274f7869b50,5b099b4097007c26e35125da00d2fbe6bbb5262e1f50d1928bfaf274f7869b50,inferred-neutral,False,offline_record_audit,False
A03,A03__secure_rag_mode__t5_r006_aloe_vera_gel__protected__history3__iteration01,True,True,True,17de7270b24e89c05879c3cdffcfad7bf98b8e20eb732a29d66277f8c5b2109b,17de7270b24e89c05879c3cdffcfad7bf98b8e20eb732a29d66277f8c5b2109b,inferred-neutral,False,offline_record_audit,False
A03,A03__secure_rag_mode__t5_r006_aloe_vera_gel__protected__history3__iteration02,True,True,True,17de7270b24e89c05879c3cdffcfad7bf98b8e20eb732a29d66277f8c5b2109b,17de7270b24e89c05879c3cdffcfad7bf98b8e20eb732a29d66277f8c5b2109b,inferred-neutral,False,offline_record_audit,False
A03,A03__secure_rag_mode__t5_r006_aloe_vera_gel__protected__history3__iteration03,True,True,True,17de7270b24e89c05879c3cdffcfad7bf98b8e20eb732a29d66277f8c5b2109b,17de7270b24e89c05879c3cdffcfad7bf98b8e20eb732a29d66277f8c5b2109b,inferred-neutral,False,offline_record_audit,False
A03,A03__secure_rag_mode__t5_r006_aloe_vera_gel__protected__history3__iteration04,True,True,True,17de7270b24e89c05879c3cdffcfad7bf98b8e20eb732a29d66277f8c5b2109b,17de7270b24e89c05879c3cdffcfad7bf98b8e20eb732a29d66277f8c5b2109b,inferred-neutral,False,offline_record_audit,False
A03,A03__secure_rag_mode__t5_r006_aloe_vera_gel__protected__history3__iteration05,True,True,True,17de7270b24e89c05879c3cdffcfad7bf98b8e20eb732a29d66277f8c5b2109b,17de7270b24e89c05879c3cdffcfad7bf98b8e20eb732a29d66277f8c5b2109b,inferred-neutral,False,offline_record_audit,False
A03,A03__secure_rag_mode__t5_r006_aloe_vera_gel__protected__history5__iteration01,True,True,True,5085d9320f43a6043e1194d1e1efa2401d0a3774ef7c128dec10db6f07103c45,5085d9320f43a6043e1194d1e1efa2401d0a3774ef7c128dec10db6f07103c45,inferred-neutral,False,offline_record_audit,False
A03,A03__secure_rag_mode__t5_r006_aloe_vera_gel__protected__history5__iteration02,True,True,True,5085d9320f43a6043e1194d1e1efa2401d0a3774ef7c128dec10db6f07103c45,5085d9320f43a6043e1194d1e1efa2401d0a3774ef7c128dec10db6f07103c45,inferred-neutral,False,offline_record_audit,False
A03,A03__secure_rag_mode__t5_r006_aloe_vera_gel__protected__history5__iteration03,True,True,True,5085d9320f43a6043e1194d1e1efa2401d0a3774ef7c128dec10db6f07103c45,5085d9320f43a6043e1194d1e1efa2401d0a3774ef7c128dec10db6f07103c45,inferred-neutral,False,offline_record_audit,False
A03,A03__secure_rag_mode__t5_r006_aloe_vera_gel__protected__history5__iteration04,True,True,True,5085d9320f43a6043e1194d1e1efa2401d0a3774ef7c128dec10db6f07103c45,5085d9320f43a6043e1194d1e1efa2401d0a3774ef7c128dec10db6f07103c45,inferred-neutral,False,offline_record_audit,False
A03,A03__secure_rag_mode__t5_r006_aloe_vera_gel__protected__history5__iteration05,True,True,True,5085d9320f43a6043e1194d1e1efa2401d0a3774ef7c128dec10db6f07103c45,5085d9320f43a6043e1194d1e1efa2401d0a3774ef7c128dec10db6f07103c45,inferred-neutral,False,offline_record_audit,False
A03,A03__secure_rag_mode__t5_r006_aloe_vera_gel__public__history1__iteration01,True,True,True,5b099b4097007c26e35125da00d2fbe6bbb5262e1f50d1928bfaf274f7869b50,5b099b4097007c26e35125da00d2fbe6bbb5262e1f50d1928bfaf274f7869b50,inferred-neutral,False,offline_record_audit,False
A03,A03__secure_rag_mode__t5_r006_aloe_vera_gel__public__history1__iteration02,True,True,True,5b099b4097007c26e35125da00d2fbe6bbb5262e1f50d1928bfaf274f7869b50,5b099b4097007c26e35125da00d2fbe6bbb5262e1f50d1928bfaf274f7869b50,inferred-neutral,False,offline_record_audit,False
A03,A03__secure_rag_mode__t5_r006_aloe_vera_gel__public__history1__iteration03,True,True,True,5b099b4097007c26e35125da00d2fbe6bbb5262e1f50d1928bfaf274f7869b50,5b099b4097007c26e35125da00d2fbe6bbb5262e1f50d1928bfaf274f7869b50,inferred-neutral,False,offline_record_audit,False
A03,A03__secure_rag_mode__t5_r006_aloe_vera_gel__public__history1__iteration04,True,True,True,5b099b4097007c26e35125da00d2fbe6bbb5262e1f50d1928bfaf274f7869b50,5b099b4097007c26e35125da00d2fbe6bbb5262e1f50d1928bfaf274f7869b50,inferred-neutral,False,offline_record_audit,False
A03,A03__secure_rag_mode__t5_r006_aloe_vera_gel__public__history1__iteration05,True,True,True,5b099b4097007c26e35125da00d2fbe6bbb5262e1f50d1928bfaf274f7869b50,5b099b4097007c26e35125da00d2fbe6bbb5262e1f50d1928bfaf274f7869b50,inferred-neutral,False,offline_record_audit,False
A03,A03__secure_rag_mode__t5_r006_aloe_vera_gel__public__history3__iteration01,True,True,True,17de7270b24e89c05879c3cdffcfad7bf98b8e20eb732a29d66277f8c5b2109b,17de7270b24e89c05879c3cdffcfad7bf98b8e20eb732a29d66277f8c5b2109b,inferred-neutral,False,offline_record_audit,False
A03,A03__secure_rag_mode__t5_r006_aloe_vera_gel__public__history3__iteration02,True,True,True,17de7270b24e89c05879c3cdffcfad7bf98b8e20eb732a29d66277f8c5b2109b,17de7270b24e89c05879c3cdffcfad7bf98b8e20eb732a29d66277f8c5b2109b,inferred-neutral,False,offline_record_audit,False
A03,A03__secure_rag_mode__t5_r006_aloe_vera_gel__public__history3__iteration03,True,True,True,17de7270b24e89c05879c3cdffcfad7bf98b8e20eb732a29d66277f8c5b2109b,17de7270b24e89c05879c3cdffcfad7bf98b8e20eb732a29d66277f8c5b2109b,inferred-neutral,False,offline_record_audit,False
A03,A03__secure_rag_mode__t5_r006_aloe_vera_gel__public__history3__iteration04,True,True,True,17de7270b24e89c05879c3cdffcfad7bf98b8e20eb732a29d66277f8c5b2109b,17de7270b24e89c05879c3cdffcfad7bf98b8e20eb732a29d66277f8c5b2109b,inferred-neutral,False,offline_record_audit,False
A03,A03__secure_rag_mode__t5_r006_aloe_vera_gel__public__history3__iteration05,True,True,True,17de7270b24e89c05879c3cdffcfad7bf98b8e20eb732a29d66277f8c5b2109b,17de7270b24e89c05879c3cdffcfad7bf98b8e20eb732a29d66277f8c5b2109b,inferred-neutral,False,offline_record_audit,False
A03,A03__secure_rag_mode__t5_r006_aloe_vera_gel__public__history5__iteration01,True,True,True,5085d9320f43a6043e1194d1e1efa2401d0a3774ef7c128dec10db6f07103c45,5085d9320f43a6043e1194d1e1efa2401d0a3774ef7c128dec10db6f07103c45,inferred-neutral,False,offline_record_audit,False
A03,A03__secure_rag_mode__t5_r006_aloe_vera_gel__public__history5__iteration02,True,True,True,5085d9320f43a6043e1194d1e1efa2401d0a3774ef7c128dec10db6f07103c45,5085d9320f43a6043e1194d1e1efa2401d0a3774ef7c128dec10db6f07103c45,inferred-neutral,False,offline_record_audit,False
A03,A03__secure_rag_mode__t5_r006_aloe_vera_gel__public__history5__iteration03,True,True,True,5085d9320f43a6043e1194d1e1efa2401d0a3774ef7c128dec10db6f07103c45,5085d9320f43a6043e1194d1e1efa2401d0a3774ef7c128dec10db6f07103c45,inferred-neutral,False,offline_record_audit,False
A03,A03__secure_rag_mode__t5_r006_aloe_vera_gel__public__history5__iteration04,True,True,True,5085d9320f43a6043e1194d1e1efa2401d0a3774ef7c128dec10db6f07103c45,5085d9320f43a6043e1194d1e1efa2401d0a3774ef7c128dec10db6f07103c45,inferred-neutral,False,offline_record_audit,False
A03,A03__secure_rag_mode__t5_r006_aloe_vera_gel__public__history5__iteration05,True,True,True,5085d9320f43a6043e1194d1e1efa2401d0a3774ef7c128dec10db6f07103c45,5085d9320f43a6043e1194d1e1efa2401d0a3774ef7c128dec10db6f07103c45,inferred-neutral,False,offline_record_audit,False
A03,A03__sensitivity_eval_mode__t1_r001_avocadoel__internal__history1__iteration01,True,True,True,9f7e5653a7dd89c31f43275c8c7628456b9334c1d805e00da3d246e6c503ea81,9f7e5653a7dd89c31f43275c8c7628456b9334c1d805e00da3d246e6c503ea81,inferred-neutral,False,offline_record_audit,False
A03,A03__sensitivity_eval_mode__t1_r001_avocadoel__internal__history1__iteration02,True,True,True,9f7e5653a7dd89c31f43275c8c7628456b9334c1d805e00da3d246e6c503ea81,9f7e5653a7dd89c31f43275c8c7628456b9334c1d805e00da3d246e6c503ea81,inferred-neutral,False,offline_record_audit,False
A03,A03__sensitivity_eval_mode__t1_r001_avocadoel__internal__history1__iteration03,True,True,True,9f7e5653a7dd89c31f43275c8c7628456b9334c1d805e00da3d246e6c503ea81,9f7e5653a7dd89c31f43275c8c7628456b9334c1d805e00da3d246e6c503ea81,inferred-neutral,False,offline_record_audit,False
A03,A03__sensitivity_eval_mode__t1_r001_avocadoel__internal__history1__iteration04,True,True,True,9f7e5653a7dd89c31f43275c8c7628456b9334c1d805e00da3d246e6c503ea81,9f7e5653a7dd89c31f43275c8c7628456b9334c1d805e00da3d246e6c503ea81,inferred-neutral,False,offline_record_audit,False
A03,A03__sensitivity_eval_mode__t1_r001_avocadoel__internal__history1__iteration05,True,True,True,9f7e5653a7dd89c31f43275c8c7628456b9334c1d805e00da3d246e6c503ea81,9f7e5653a7dd89c31f43275c8c7628456b9334c1d805e00da3d246e6c503ea81,inferred-neutral,False,offline_record_audit,False
A03,A03__sensitivity_eval_mode__t1_r001_avocadoel__internal__history3__iteration01,True,True,True,3b21e24d63427a183120149a15b8f5f4b2c16bcf6948ebb06fb423decb6d4be8,3b21e24d63427a183120149a15b8f5f4b2c16bcf6948ebb06fb423decb6d4be8,inferred-neutral,False,offline_record_audit,False
A03,A03__sensitivity_eval_mode__t1_r001_avocadoel__internal__history3__iteration02,True,True,True,3b21e24d63427a183120149a15b8f5f4b2c16bcf6948ebb06fb423decb6d4be8,3b21e24d63427a183120149a15b8f5f4b2c16bcf6948ebb06fb423decb6d4be8,inferred-neutral,False,offline_record_audit,False
A03,A03__sensitivity_eval_mode__t1_r001_avocadoel__internal__history3__iteration03,True,True,True,3b21e24d63427a183120149a15b8f5f4b2c16bcf6948ebb06fb423decb6d4be8,3b21e24d63427a183120149a15b8f5f4b2c16bcf6948ebb06fb423decb6d4be8,inferred-neutral,False,offline_record_audit,False
A03,A03__sensitivity_eval_mode__t1_r001_avocadoel__internal__history3__iteration04,True,True,True,3b21e24d63427a183120149a15b8f5f4b2c16bcf6948ebb06fb423decb6d4be8,3b21e24d63427a183120149a15b8f5f4b2c16bcf6948ebb06fb423decb6d4be8,inferred-neutral,False,offline_record_audit,False
A03,A03__sensitivity_eval_mode__t1_r001_avocadoel__internal__history3__iteration05,True,True,True,3b21e24d63427a183120149a15b8f5f4b2c16bcf6948ebb06fb423decb6d4be8,3b21e24d63427a183120149a15b8f5f4b2c16bcf6948ebb06fb423decb6d4be8,inferred-neutral,False,offline_record_audit,False
A03,A03__sensitivity_eval_mode__t1_r001_avocadoel__internal__history5__iteration01,True,True,True,6f903f1f94281b319c15922e3b5ae85aeb30769c037c9f89c2c418d42e2841d6,6f903f1f94281b319c15922e3b5ae85aeb30769c037c9f89c2c418d42e2841d6,inferred-neutral,False,offline_record_audit,False
A03,A03__sensitivity_eval_mode__t1_r001_avocadoel__internal__history5__iteration02,True,True,True,6f903f1f94281b319c15922e3b5ae85aeb30769c037c9f89c2c418d42e2841d6,6f903f1f94281b319c15922e3b5ae85aeb30769c037c9f89c2c418d42e2841d6,inferred-neutral,False,offline_record_audit,False
A03,A03__sensitivity_eval_mode__t1_r001_avocadoel__internal__history5__iteration03,True,True,True,6f903f1f94281b319c15922e3b5ae85aeb30769c037c9f89c2c418d42e2841d6,6f903f1f94281b319c15922e3b5ae85aeb30769c037c9f89c2c418d42e2841d6,inferred-neutral,False,offline_record_audit,False
A03,A03__sensitivity_eval_mode__t1_r001_avocadoel__internal__history5__iteration04,True,True,True,6f903f1f94281b319c15922e3b5ae85aeb30769c037c9f89c2c418d42e2841d6,6f903f1f94281b319c15922e3b5ae85aeb30769c037c9f89c2c418d42e2841d6,inferred-neutral,False,offline_record_audit,False
A03,A03__sensitivity_eval_mode__t1_r001_avocadoel__internal__history5__iteration05,True,True,True,6f903f1f94281b319c15922e3b5ae85aeb30769c037c9f89c2c418d42e2841d6,6f903f1f94281b319c15922e3b5ae85aeb30769c037c9f89c2c418d42e2841d6,inferred-neutral,False,offline_record_audit,False
A03,A03__sensitivity_eval_mode__t1_r001_avocadoel__protected__history1__iteration01,True,True,True,9f7e5653a7dd89c31f43275c8c7628456b9334c1d805e00da3d246e6c503ea81,9f7e5653a7dd89c31f43275c8c7628456b9334c1d805e00da3d246e6c503ea81,inferred-neutral,False,offline_record_audit,False
A03,A03__sensitivity_eval_mode__t1_r001_avocadoel__protected__history1__iteration02,True,True,True,9f7e5653a7dd89c31f43275c8c7628456b9334c1d805e00da3d246e6c503ea81,9f7e5653a7dd89c31f43275c8c7628456b9334c1d805e00da3d246e6c503ea81,inferred-neutral,False,offline_record_audit,False
A03,A03__sensitivity_eval_mode__t1_r001_avocadoel__protected__history1__iteration03,True,True,True,9f7e5653a7dd89c31f43275c8c7628456b9334c1d805e00da3d246e6c503ea81,9f7e5653a7dd89c31f43275c8c7628456b9334c1d805e00da3d246e6c503ea81,inferred-neutral,False,offline_record_audit,False
A03,A03__sensitivity_eval_mode__t1_r001_avocadoel__protected__history1__iteration04,True,True,True,9f7e5653a7dd89c31f43275c8c7628456b9334c1d805e00da3d246e6c503ea81,9f7e5653a7dd89c31f43275c8c7628456b9334c1d805e00da3d246e6c503ea81,inferred-neutral,False,offline_record_audit,False
A03,A03__sensitivity_eval_mode__t1_r001_avocadoel__protected__history1__iteration05,True,True,True,9f7e5653a7dd89c31f43275c8c7628456b9334c1d805e00da3d246e6c503ea81,9f7e5653a7dd89c31f43275c8c7628456b9334c1d805e00da3d246e6c503ea81,inferred-neutral,False,offline_record_audit,False
A03,A03__sensitivity_eval_mode__t1_r001_avocadoel__protected__history3__iteration01,True,True,True,3b21e24d63427a183120149a15b8f5f4b2c16bcf6948ebb06fb423decb6d4be8,3b21e24d63427a183120149a15b8f5f4b2c16bcf6948ebb06fb423decb6d4be8,inferred-neutral,False,offline_record_audit,False
A03,A03__sensitivity_eval_mode__t1_r001_avocadoel__protected__history3__iteration02,True,True,True,3b21e24d63427a183120149a15b8f5f4b2c16bcf6948ebb06fb423decb6d4be8,3b21e24d63427a183120149a15b8f5f4b2c16bcf6948ebb06fb423decb6d4be8,inferred-neutral,False,offline_record_audit,False
A03,A03__sensitivity_eval_mode__t1_r001_avocadoel__protected__history3__iteration03,True,True,True,3b21e24d63427a183120149a15b8f5f4b2c16bcf6948ebb06fb423decb6d4be8,3b21e24d63427a183120149a15b8f5f4b2c16bcf6948ebb06fb423decb6d4be8,inferred-neutral,False,offline_record_audit,False
A03,A03__sensitivity_eval_mode__t1_r001_avocadoel__protected__history3__iteration04,True,True,True,3b21e24d63427a183120149a15b8f5f4b2c16bcf6948ebb06fb423decb6d4be8,3b21e24d63427a183120149a15b8f5f4b2c16bcf6948ebb06fb423decb6d4be8,inferred-neutral,False,offline_record_audit,False
A03,A03__sensitivity_eval_mode__t1_r001_avocadoel__protected__history3__iteration05,True,True,True,3b21e24d63427a183120149a15b8f5f4b2c16bcf6948ebb06fb423decb6d4be8,3b21e24d63427a183120149a15b8f5f4b2c16bcf6948ebb06fb423decb6d4be8,inferred-neutral,False,offline_record_audit,False
A03,A03__sensitivity_eval_mode__t1_r001_avocadoel__protected__history5__iteration01,True,True,True,6f903f1f94281b319c15922e3b5ae85aeb30769c037c9f89c2c418d42e2841d6,6f903f1f94281b319c15922e3b5ae85aeb30769c037c9f89c2c418d42e2841d6,inferred-neutral,False,offline_record_audit,False
A03,A03__sensitivity_eval_mode__t1_r001_avocadoel__protected__history5__iteration02,True,True,True,6f903f1f94281b319c15922e3b5ae85aeb30769c037c9f89c2c418d42e2841d6,6f903f1f94281b319c15922e3b5ae85aeb30769c037c9f89c2c418d42e2841d6,inferred-neutral,False,offline_record_audit,False
A03,A03__sensitivity_eval_mode__t1_r001_avocadoel__protected__history5__iteration03,True,True,True,6f903f1f94281b319c15922e3b5ae85aeb30769c037c9f89c2c418d42e2841d6,6f903f1f94281b319c15922e3b5ae85aeb30769c037c9f89c2c418d42e2841d6,inferred-neutral,False,offline_record_audit,False
A03,A03__sensitivity_eval_mode__t1_r001_avocadoel__protected__history5__iteration04,True,True,True,6f903f1f94281b319c15922e3b5ae85aeb30769c037c9f89c2c418d42e2841d6,6f903f1f94281b319c15922e3b5ae85aeb30769c037c9f89c2c418d42e2841d6,inferred-neutral,False,offline_record_audit,False
A03,A03__sensitivity_eval_mode__t1_r001_avocadoel__protected__history5__iteration05,True,True,True,6f903f1f94281b319c15922e3b5ae85aeb30769c037c9f89c2c418d42e2841d6,6f903f1f94281b319c15922e3b5ae85aeb30769c037c9f89c2c418d42e2841d6,inferred-neutral,False,offline_record_audit,False
A03,A03__sensitivity_eval_mode__t1_r001_avocadoel__public__history1__iteration01,True,True,True,9f7e5653a7dd89c31f43275c8c7628456b9334c1d805e00da3d246e6c503ea81,9f7e5653a7dd89c31f43275c8c7628456b9334c1d805e00da3d246e6c503ea81,inferred-neutral,False,offline_record_audit,False
A03,A03__sensitivity_eval_mode__t1_r001_avocadoel__public__history1__iteration02,True,True,True,9f7e5653a7dd89c31f43275c8c7628456b9334c1d805e00da3d246e6c503ea81,9f7e5653a7dd89c31f43275c8c7628456b9334c1d805e00da3d246e6c503ea81,inferred-neutral,False,offline_record_audit,False
A03,A03__sensitivity_eval_mode__t1_r001_avocadoel__public__history1__iteration03,True,True,True,9f7e5653a7dd89c31f43275c8c7628456b9334c1d805e00da3d246e6c503ea81,9f7e5653a7dd89c31f43275c8c7628456b9334c1d805e00da3d246e6c503ea81,inferred-neutral,False,offline_record_audit,False
A03,A03__sensitivity_eval_mode__t1_r001_avocadoel__public__history1__iteration04,True,True,True,9f7e5653a7dd89c31f43275c8c7628456b9334c1d805e00da3d246e6c503ea81,9f7e5653a7dd89c31f43275c8c7628456b9334c1d805e00da3d246e6c503ea81,inferred-neutral,False,offline_record_audit,False
A03,A03__sensitivity_eval_mode__t1_r001_avocadoel__public__history1__iteration05,True,True,True,9f7e5653a7dd89c31f43275c8c7628456b9334c1d805e00da3d246e6c503ea81,9f7e5653a7dd89c31f43275c8c7628456b9334c1d805e00da3d246e6c503ea81,inferred-neutral,False,offline_record_audit,False
A03,A03__sensitivity_eval_mode__t1_r001_avocadoel__public__history3__iteration01,True,True,True,3b21e24d63427a183120149a15b8f5f4b2c16bcf6948ebb06fb423decb6d4be8,3b21e24d63427a183120149a15b8f5f4b2c16bcf6948ebb06fb423decb6d4be8,inferred-neutral,False,offline_record_audit,False
A03,A03__sensitivity_eval_mode__t1_r001_avocadoel__public__history3__iteration02,True,True,True,3b21e24d63427a183120149a15b8f5f4b2c16bcf6948ebb06fb423decb6d4be8,3b21e24d63427a183120149a15b8f5f4b2c16bcf6948ebb06fb423decb6d4be8,inferred-neutral,False,offline_record_audit,False
A03,A03__sensitivity_eval_mode__t1_r001_avocadoel__public__history3__iteration03,True,True,True,3b21e24d63427a183120149a15b8f5f4b2c16bcf6948ebb06fb423decb6d4be8,3b21e24d63427a183120149a15b8f5f4b2c16bcf6948ebb06fb423decb6d4be8,inferred-neutral,False,offline_record_audit,False
A03,A03__sensitivity_eval_mode__t1_r001_avocadoel__public__history3__iteration04,True,True,True,3b21e24d63427a183120149a15b8f5f4b2c16bcf6948ebb06fb423decb6d4be8,3b21e24d63427a183120149a15b8f5f4b2c16bcf6948ebb06fb423decb6d4be8,inferred-neutral,False,offline_record_audit,False
A03,A03__sensitivity_eval_mode__t1_r001_avocadoel__public__history3__iteration05,True,True,True,3b21e24d63427a183120149a15b8f5f4b2c16bcf6948ebb06fb423decb6d4be8,3b21e24d63427a183120149a15b8f5f4b2c16bcf6948ebb06fb423decb6d4be8,inferred-neutral,False,offline_record_audit,False
A03,A03__sensitivity_eval_mode__t1_r001_avocadoel__public__history5__iteration01,True,True,True,6f903f1f94281b319c15922e3b5ae85aeb30769c037c9f89c2c418d42e2841d6,6f903f1f94281b319c15922e3b5ae85aeb30769c037c9f89c2c418d42e2841d6,inferred-neutral,False,offline_record_audit,False
A03,A03__sensitivity_eval_mode__t1_r001_avocadoel__public__history5__iteration02,True,True,True,6f903f1f94281b319c15922e3b5ae85aeb30769c037c9f89c2c418d42e2841d6,6f903f1f94281b319c15922e3b5ae85aeb30769c037c9f89c2c418d42e2841d6,inferred-neutral,False,offline_record_audit,False
A03,A03__sensitivity_eval_mode__t1_r001_avocadoel__public__history5__iteration03,True,True,True,6f903f1f94281b319c15922e3b5ae85aeb30769c037c9f89c2c418d42e2841d6,6f903f1f94281b319c15922e3b5ae85aeb30769c037c9f89c2c418d42e2841d6,inferred-neutral,False,offline_record_audit,False
A03,A03__sensitivity_eval_mode__t1_r001_avocadoel__public__history5__iteration04,True,True,True,6f903f1f94281b319c15922e3b5ae85aeb30769c037c9f89c2c418d42e2841d6,6f903f1f94281b319c15922e3b5ae85aeb30769c037c9f89c2c418d42e2841d6,inferred-neutral,False,offline_record_audit,False
A03,A03__sensitivity_eval_mode__t1_r001_avocadoel__public__history5__iteration05,True,True,True,6f903f1f94281b319c15922e3b5ae85aeb30769c037c9f89c2c418d42e2841d6,6f903f1f94281b319c15922e3b5ae85aeb30769c037c9f89c2c418d42e2841d6,inferred-neutral,False,offline_record_audit,False
A03,A03__sensitivity_eval_mode__t2_r002_sonnenblumenoel__internal__history1__iteration01,True,True,True,4364bdc842a3f52f15256124f5fe225c45aa0798cd1b200e44fac2030c674ca0,4364bdc842a3f52f15256124f5fe225c45aa0798cd1b200e44fac2030c674ca0,inferred-neutral,False,offline_record_audit,False
A03,A03__sensitivity_eval_mode__t2_r002_sonnenblumenoel__internal__history1__iteration02,True,True,True,4364bdc842a3f52f15256124f5fe225c45aa0798cd1b200e44fac2030c674ca0,4364bdc842a3f52f15256124f5fe225c45aa0798cd1b200e44fac2030c674ca0,inferred-neutral,False,offline_record_audit,False
A03,A03__sensitivity_eval_mode__t2_r002_sonnenblumenoel__internal__history1__iteration03,True,True,True,4364bdc842a3f52f15256124f5fe225c45aa0798cd1b200e44fac2030c674ca0,4364bdc842a3f52f15256124f5fe225c45aa0798cd1b200e44fac2030c674ca0,inferred-neutral,False,offline_record_audit,False
A03,A03__sensitivity_eval_mode__t2_r002_sonnenblumenoel__internal__history1__iteration04,True,True,True,4364bdc842a3f52f15256124f5fe225c45aa0798cd1b200e44fac2030c674ca0,4364bdc842a3f52f15256124f5fe225c45aa0798cd1b200e44fac2030c674ca0,inferred-neutral,False,offline_record_audit,False
A03,A03__sensitivity_eval_mode__t2_r002_sonnenblumenoel__internal__history1__iteration05,True,True,True,4364bdc842a3f52f15256124f5fe225c45aa0798cd1b200e44fac2030c674ca0,4364bdc842a3f52f15256124f5fe225c45aa0798cd1b200e44fac2030c674ca0,inferred-neutral,False,offline_record_audit,False
A03,A03__sensitivity_eval_mode__t2_r002_sonnenblumenoel__internal__history3__iteration01,True,True,True,9fcb4d13b5758c3de4ad73b922794618c2aca95d6510061f011cddf8a6aeab52,9fcb4d13b5758c3de4ad73b922794618c2aca95d6510061f011cddf8a6aeab52,inferred-neutral,False,offline_record_audit,False
A03,A03__sensitivity_eval_mode__t2_r002_sonnenblumenoel__internal__history3__iteration02,True,True,True,9fcb4d13b5758c3de4ad73b922794618c2aca95d6510061f011cddf8a6aeab52,9fcb4d13b5758c3de4ad73b922794618c2aca95d6510061f011cddf8a6aeab52,inferred-neutral,False,offline_record_audit,False
A03,A03__sensitivity_eval_mode__t2_r002_sonnenblumenoel__internal__history3__iteration03,True,True,True,9fcb4d13b5758c3de4ad73b922794618c2aca95d6510061f011cddf8a6aeab52,9fcb4d13b5758c3de4ad73b922794618c2aca95d6510061f011cddf8a6aeab52,inferred-neutral,False,offline_record_audit,False
A03,A03__sensitivity_eval_mode__t2_r002_sonnenblumenoel__internal__history3__iteration04,True,True,True,9fcb4d13b5758c3de4ad73b922794618c2aca95d6510061f011cddf8a6aeab52,9fcb4d13b5758c3de4ad73b922794618c2aca95d6510061f011cddf8a6aeab52,inferred-neutral,False,offline_record_audit,False
A03,A03__sensitivity_eval_mode__t2_r002_sonnenblumenoel__internal__history3__iteration05,True,True,True,9fcb4d13b5758c3de4ad73b922794618c2aca95d6510061f011cddf8a6aeab52,9fcb4d13b5758c3de4ad73b922794618c2aca95d6510061f011cddf8a6aeab52,inferred-neutral,False,offline_record_audit,False
A03,A03__sensitivity_eval_mode__t2_r002_sonnenblumenoel__internal__history5__iteration01,True,True,True,1490c7b59cc0827cc1b58c08ae733495405fe152dbd018e088683cff22b5dea0,1490c7b59cc0827cc1b58c08ae733495405fe152dbd018e088683cff22b5dea0,inferred-neutral,False,offline_record_audit,False
A03,A03__sensitivity_eval_mode__t2_r002_sonnenblumenoel__internal__history5__iteration02,True,True,True,1490c7b59cc0827cc1b58c08ae733495405fe152dbd018e088683cff22b5dea0,1490c7b59cc0827cc1b58c08ae733495405fe152dbd018e088683cff22b5dea0,inferred-neutral,False,offline_record_audit,False
A03,A03__sensitivity_eval_mode__t2_r002_sonnenblumenoel__internal__history5__iteration03,True,True,True,1490c7b59cc0827cc1b58c08ae733495405fe152dbd018e088683cff22b5dea0,1490c7b59cc0827cc1b58c08ae733495405fe152dbd018e088683cff22b5dea0,inferred-neutral,False,offline_record_audit,False
A03,A03__sensitivity_eval_mode__t2_r002_sonnenblumenoel__internal__history5__iteration04,True,True,True,1490c7b59cc0827cc1b58c08ae733495405fe152dbd018e088683cff22b5dea0,1490c7b59cc0827cc1b58c08ae733495405fe152dbd018e088683cff22b5dea0,inferred-neutral,False,offline_record_audit,False
A03,A03__sensitivity_eval_mode__t2_r002_sonnenblumenoel__internal__history5__iteration05,True,True,True,1490c7b59cc0827cc1b58c08ae733495405fe152dbd018e088683cff22b5dea0,1490c7b59cc0827cc1b58c08ae733495405fe152dbd018e088683cff22b5dea0,inferred-neutral,False,offline_record_audit,False
A03,A03__sensitivity_eval_mode__t2_r002_sonnenblumenoel__protected__history1__iteration01,True,True,True,4364bdc842a3f52f15256124f5fe225c45aa0798cd1b200e44fac2030c674ca0,4364bdc842a3f52f15256124f5fe225c45aa0798cd1b200e44fac2030c674ca0,inferred-neutral,False,offline_record_audit,False
A03,A03__sensitivity_eval_mode__t2_r002_sonnenblumenoel__protected__history1__iteration02,True,True,True,4364bdc842a3f52f15256124f5fe225c45aa0798cd1b200e44fac2030c674ca0,4364bdc842a3f52f15256124f5fe225c45aa0798cd1b200e44fac2030c674ca0,inferred-neutral,False,offline_record_audit,False
A03,A03__sensitivity_eval_mode__t2_r002_sonnenblumenoel__protected__history1__iteration03,True,True,True,4364bdc842a3f52f15256124f5fe225c45aa0798cd1b200e44fac2030c674ca0,4364bdc842a3f52f15256124f5fe225c45aa0798cd1b200e44fac2030c674ca0,inferred-neutral,False,offline_record_audit,False
A03,A03__sensitivity_eval_mode__t2_r002_sonnenblumenoel__protected__history1__iteration04,True,True,True,4364bdc842a3f52f15256124f5fe225c45aa0798cd1b200e44fac2030c674ca0,4364bdc842a3f52f15256124f5fe225c45aa0798cd1b200e44fac2030c674ca0,inferred-neutral,False,offline_record_audit,False
A03,A03__sensitivity_eval_mode__t2_r002_sonnenblumenoel__protected__history1__iteration05,True,True,True,4364bdc842a3f52f15256124f5fe225c45aa0798cd1b200e44fac2030c674ca0,4364bdc842a3f52f15256124f5fe225c45aa0798cd1b200e44fac2030c674ca0,inferred-neutral,False,offline_record_audit,False
A03,A03__sensitivity_eval_mode__t2_r002_sonnenblumenoel__protected__history3__iteration01,True,True,True,9fcb4d13b5758c3de4ad73b922794618c2aca95d6510061f011cddf8a6aeab52,9fcb4d13b5758c3de4ad73b922794618c2aca95d6510061f011cddf8a6aeab52,inferred-neutral,False,offline_record_audit,False
A03,A03__sensitivity_eval_mode__t2_r002_sonnenblumenoel__protected__history3__iteration02,True,True,True,9fcb4d13b5758c3de4ad73b922794618c2aca95d6510061f011cddf8a6aeab52,9fcb4d13b5758c3de4ad73b922794618c2aca95d6510061f011cddf8a6aeab52,inferred-neutral,False,offline_record_audit,False
A03,A03__sensitivity_eval_mode__t2_r002_sonnenblumenoel__protected__history3__iteration03,True,True,True,9fcb4d13b5758c3de4ad73b922794618c2aca95d6510061f011cddf8a6aeab52,9fcb4d13b5758c3de4ad73b922794618c2aca95d6510061f011cddf8a6aeab52,inferred-neutral,False,offline_record_audit,False
A03,A03__sensitivity_eval_mode__t2_r002_sonnenblumenoel__protected__history3__iteration04,True,True,True,9fcb4d13b5758c3de4ad73b922794618c2aca95d6510061f011cddf8a6aeab52,9fcb4d13b5758c3de4ad73b922794618c2aca95d6510061f011cddf8a6aeab52,inferred-neutral,False,offline_record_audit,False
A03,A03__sensitivity_eval_mode__t2_r002_sonnenblumenoel__protected__history3__iteration05,True,True,True,9fcb4d13b5758c3de4ad73b922794618c2aca95d6510061f011cddf8a6aeab52,9fcb4d13b5758c3de4ad73b922794618c2aca95d6510061f011cddf8a6aeab52,inferred-neutral,False,offline_record_audit,False
A03,A03__sensitivity_eval_mode__t2_r002_sonnenblumenoel__protected__history5__iteration01,True,True,True,1490c7b59cc0827cc1b58c08ae733495405fe152dbd018e088683cff22b5dea0,1490c7b59cc0827cc1b58c08ae733495405fe152dbd018e088683cff22b5dea0,inferred-neutral,False,offline_record_audit,False
A03,A03__sensitivity_eval_mode__t2_r002_sonnenblumenoel__protected__history5__iteration02,True,True,True,1490c7b59cc0827cc1b58c08ae733495405fe152dbd018e088683cff22b5dea0,1490c7b59cc0827cc1b58c08ae733495405fe152dbd018e088683cff22b5dea0,inferred-neutral,False,offline_record_audit,False
A03,A03__sensitivity_eval_mode__t2_r002_sonnenblumenoel__protected__history5__iteration03,True,True,True,1490c7b59cc0827cc1b58c08ae733495405fe152dbd018e088683cff22b5dea0,1490c7b59cc0827cc1b58c08ae733495405fe152dbd018e088683cff22b5dea0,inferred-neutral,False,offline_record_audit,False
A03,A03__sensitivity_eval_mode__t2_r002_sonnenblumenoel__protected__history5__iteration04,True,True,True,1490c7b59cc0827cc1b58c08ae733495405fe152dbd018e088683cff22b5dea0,1490c7b59cc0827cc1b58c08ae733495405fe152dbd018e088683cff22b5dea0,inferred-neutral,False,offline_record_audit,False
A03,A03__sensitivity_eval_mode__t2_r002_sonnenblumenoel__protected__history5__iteration05,True,True,True,1490c7b59cc0827cc1b58c08ae733495405fe152dbd018e088683cff22b5dea0,1490c7b59cc0827cc1b58c08ae733495405fe152dbd018e088683cff22b5dea0,inferred-neutral,False,offline_record_audit,False
A03,A03__sensitivity_eval_mode__t2_r002_sonnenblumenoel__public__history1__iteration01,True,True,True,4364bdc842a3f52f15256124f5fe225c45aa0798cd1b200e44fac2030c674ca0,4364bdc842a3f52f15256124f5fe225c45aa0798cd1b200e44fac2030c674ca0,inferred-neutral,False,offline_record_audit,False
A03,A03__sensitivity_eval_mode__t2_r002_sonnenblumenoel__public__history1__iteration02,True,True,True,4364bdc842a3f52f15256124f5fe225c45aa0798cd1b200e44fac2030c674ca0,4364bdc842a3f52f15256124f5fe225c45aa0798cd1b200e44fac2030c674ca0,inferred-neutral,False,offline_record_audit,False
A03,A03__sensitivity_eval_mode__t2_r002_sonnenblumenoel__public__history1__iteration03,True,True,True,4364bdc842a3f52f15256124f5fe225c45aa0798cd1b200e44fac2030c674ca0,4364bdc842a3f52f15256124f5fe225c45aa0798cd1b200e44fac2030c674ca0,inferred-neutral,False,offline_record_audit,False
A03,A03__sensitivity_eval_mode__t2_r002_sonnenblumenoel__public__history1__iteration04,True,True,True,4364bdc842a3f52f15256124f5fe225c45aa0798cd1b200e44fac2030c674ca0,4364bdc842a3f52f15256124f5fe225c45aa0798cd1b200e44fac2030c674ca0,inferred-neutral,False,offline_record_audit,False
A03,A03__sensitivity_eval_mode__t2_r002_sonnenblumenoel__public__history1__iteration05,True,True,True,4364bdc842a3f52f15256124f5fe225c45aa0798cd1b200e44fac2030c674ca0,4364bdc842a3f52f15256124f5fe225c45aa0798cd1b200e44fac2030c674ca0,inferred-neutral,False,offline_record_audit,False
A03,A03__sensitivity_eval_mode__t2_r002_sonnenblumenoel__public__history3__iteration01,True,True,True,9fcb4d13b5758c3de4ad73b922794618c2aca95d6510061f011cddf8a6aeab52,9fcb4d13b5758c3de4ad73b922794618c2aca95d6510061f011cddf8a6aeab52,inferred-neutral,False,offline_record_audit,False
A03,A03__sensitivity_eval_mode__t2_r002_sonnenblumenoel__public__history3__iteration02,True,True,True,9fcb4d13b5758c3de4ad73b922794618c2aca95d6510061f011cddf8a6aeab52,9fcb4d13b5758c3de4ad73b922794618c2aca95d6510061f011cddf8a6aeab52,inferred-neutral,False,offline_record_audit,False
A03,A03__sensitivity_eval_mode__t2_r002_sonnenblumenoel__public__history3__iteration03,True,True,True,9fcb4d13b5758c3de4ad73b922794618c2aca95d6510061f011cddf8a6aeab52,9fcb4d13b5758c3de4ad73b922794618c2aca95d6510061f011cddf8a6aeab52,inferred-neutral,False,offline_record_audit,False
A03,A03__sensitivity_eval_mode__t2_r002_sonnenblumenoel__public__history3__iteration04,True,True,True,9fcb4d13b5758c3de4ad73b922794618c2aca95d6510061f011cddf8a6aeab52,9fcb4d13b5758c3de4ad73b922794618c2aca95d6510061f011cddf8a6aeab52,inferred-neutral,False,offline_record_audit,False
A03,A03__sensitivity_eval_mode__t2_r002_sonnenblumenoel__public__history3__iteration05,True,True,True,9fcb4d13b5758c3de4ad73b922794618c2aca95d6510061f011cddf8a6aeab52,9fcb4d13b5758c3de4ad73b922794618c2aca95d6510061f011cddf8a6aeab52,inferred-neutral,False,offline_record_audit,False
A03,A03__sensitivity_eval_mode__t2_r002_sonnenblumenoel__public__history5__iteration01,True,True,True,1490c7b59cc0827cc1b58c08ae733495405fe152dbd018e088683cff22b5dea0,1490c7b59cc0827cc1b58c08ae733495405fe152dbd018e088683cff22b5dea0,inferred-neutral,False,offline_record_audit,False
A03,A03__sensitivity_eval_mode__t2_r002_sonnenblumenoel__public__history5__iteration02,True,True,True,1490c7b59cc0827cc1b58c08ae733495405fe152dbd018e088683cff22b5dea0,1490c7b59cc0827cc1b58c08ae733495405fe152dbd018e088683cff22b5dea0,inferred-neutral,False,offline_record_audit,False
A03,A03__sensitivity_eval_mode__t2_r002_sonnenblumenoel__public__history5__iteration03,True,True,True,1490c7b59cc0827cc1b58c08ae733495405fe152dbd018e088683cff22b5dea0,1490c7b59cc0827cc1b58c08ae733495405fe152dbd018e088683cff22b5dea0,inferred-neutral,False,offline_record_audit,False
A03,A03__sensitivity_eval_mode__t2_r002_sonnenblumenoel__public__history5__iteration04,True,True,True,1490c7b59cc0827cc1b58c08ae733495405fe152dbd018e088683cff22b5dea0,1490c7b59cc0827cc1b58c08ae733495405fe152dbd018e088683cff22b5dea0,inferred-neutral,False,offline_record_audit,False
A03,A03__sensitivity_eval_mode__t2_r002_sonnenblumenoel__public__history5__iteration05,True,True,True,1490c7b59cc0827cc1b58c08ae733495405fe152dbd018e088683cff22b5dea0,1490c7b59cc0827cc1b58c08ae733495405fe152dbd018e088683cff22b5dea0,inferred-neutral,False,offline_record_audit,False
A03,A03__sensitivity_eval_mode__t3_r003_panthenol__internal__history1__iteration01,True,True,True,e4d19a4622c8bf3ec95a37c6d0682c09aa9fa0fc8af89c87ea4d7e8dbaf6c3c9,e4d19a4622c8bf3ec95a37c6d0682c09aa9fa0fc8af89c87ea4d7e8dbaf6c3c9,inferred-neutral,False,offline_record_audit,False
A03,A03__sensitivity_eval_mode__t3_r003_panthenol__internal__history1__iteration02,True,True,True,e4d19a4622c8bf3ec95a37c6d0682c09aa9fa0fc8af89c87ea4d7e8dbaf6c3c9,e4d19a4622c8bf3ec95a37c6d0682c09aa9fa0fc8af89c87ea4d7e8dbaf6c3c9,inferred-neutral,False,offline_record_audit,False
A03,A03__sensitivity_eval_mode__t3_r003_panthenol__internal__history1__iteration03,True,True,True,e4d19a4622c8bf3ec95a37c6d0682c09aa9fa0fc8af89c87ea4d7e8dbaf6c3c9,e4d19a4622c8bf3ec95a37c6d0682c09aa9fa0fc8af89c87ea4d7e8dbaf6c3c9,inferred-neutral,False,offline_record_audit,False
A03,A03__sensitivity_eval_mode__t3_r003_panthenol__internal__history1__iteration04,True,True,True,e4d19a4622c8bf3ec95a37c6d0682c09aa9fa0fc8af89c87ea4d7e8dbaf6c3c9,e4d19a4622c8bf3ec95a37c6d0682c09aa9fa0fc8af89c87ea4d7e8dbaf6c3c9,inferred-neutral,False,offline_record_audit,False
A03,A03__sensitivity_eval_mode__t3_r003_panthenol__internal__history1__iteration05,True,True,True,e4d19a4622c8bf3ec95a37c6d0682c09aa9fa0fc8af89c87ea4d7e8dbaf6c3c9,e4d19a4622c8bf3ec95a37c6d0682c09aa9fa0fc8af89c87ea4d7e8dbaf6c3c9,inferred-neutral,False,offline_record_audit,False
A03,A03__sensitivity_eval_mode__t3_r003_panthenol__internal__history3__iteration01,True,True,True,de25fa8bbe4337205d4c28f8eee0a73f28146b2341937615814826ceefb9bed0,de25fa8bbe4337205d4c28f8eee0a73f28146b2341937615814826ceefb9bed0,inferred-neutral,False,offline_record_audit,False
A03,A03__sensitivity_eval_mode__t3_r003_panthenol__internal__history3__iteration02,True,True,True,de25fa8bbe4337205d4c28f8eee0a73f28146b2341937615814826ceefb9bed0,de25fa8bbe4337205d4c28f8eee0a73f28146b2341937615814826ceefb9bed0,inferred-neutral,False,offline_record_audit,False
A03,A03__sensitivity_eval_mode__t3_r003_panthenol__internal__history3__iteration03,True,True,True,de25fa8bbe4337205d4c28f8eee0a73f28146b2341937615814826ceefb9bed0,de25fa8bbe4337205d4c28f8eee0a73f28146b2341937615814826ceefb9bed0,inferred-neutral,False,offline_record_audit,False
A03,A03__sensitivity_eval_mode__t3_r003_panthenol__internal__history3__iteration04,True,True,True,de25fa8bbe4337205d4c28f8eee0a73f28146b2341937615814826ceefb9bed0,de25fa8bbe4337205d4c28f8eee0a73f28146b2341937615814826ceefb9bed0,inferred-neutral,False,offline_record_audit,False
A03,A03__sensitivity_eval_mode__t3_r003_panthenol__internal__history3__iteration05,True,True,True,de25fa8bbe4337205d4c28f8eee0a73f28146b2341937615814826ceefb9bed0,de25fa8bbe4337205d4c28f8eee0a73f28146b2341937615814826ceefb9bed0,inferred-neutral,False,offline_record_audit,False
A03,A03__sensitivity_eval_mode__t3_r003_panthenol__internal__history5__iteration01,True,True,True,14349dc2e1320f467f358b495df4ca090c4af2bca530fa3e5ba89f71187632d5,14349dc2e1320f467f358b495df4ca090c4af2bca530fa3e5ba89f71187632d5,inferred-neutral,False,offline_record_audit,False
A03,A03__sensitivity_eval_mode__t3_r003_panthenol__internal__history5__iteration02,True,True,True,14349dc2e1320f467f358b495df4ca090c4af2bca530fa3e5ba89f71187632d5,14349dc2e1320f467f358b495df4ca090c4af2bca530fa3e5ba89f71187632d5,inferred-neutral,False,offline_record_audit,False
A03,A03__sensitivity_eval_mode__t3_r003_panthenol__internal__history5__iteration03,True,True,True,14349dc2e1320f467f358b495df4ca090c4af2bca530fa3e5ba89f71187632d5,14349dc2e1320f467f358b495df4ca090c4af2bca530fa3e5ba89f71187632d5,inferred-neutral,False,offline_record_audit,False
A03,A03__sensitivity_eval_mode__t3_r003_panthenol__internal__history5__iteration04,True,True,True,14349dc2e1320f467f358b495df4ca090c4af2bca530fa3e5ba89f71187632d5,14349dc2e1320f467f358b495df4ca090c4af2bca530fa3e5ba89f71187632d5,inferred-neutral,False,offline_record_audit,False
A03,A03__sensitivity_eval_mode__t3_r003_panthenol__internal__history5__iteration05,True,True,True,14349dc2e1320f467f358b495df4ca090c4af2bca530fa3e5ba89f71187632d5,14349dc2e1320f467f358b495df4ca090c4af2bca530fa3e5ba89f71187632d5,inferred-neutral,False,offline_record_audit,False
A03,A03__sensitivity_eval_mode__t3_r003_panthenol__protected__history1__iteration01,True,True,True,e4d19a4622c8bf3ec95a37c6d0682c09aa9fa0fc8af89c87ea4d7e8dbaf6c3c9,e4d19a4622c8bf3ec95a37c6d0682c09aa9fa0fc8af89c87ea4d7e8dbaf6c3c9,inferred-neutral,False,offline_record_audit,False
A03,A03__sensitivity_eval_mode__t3_r003_panthenol__protected__history1__iteration02,True,True,True,e4d19a4622c8bf3ec95a37c6d0682c09aa9fa0fc8af89c87ea4d7e8dbaf6c3c9,e4d19a4622c8bf3ec95a37c6d0682c09aa9fa0fc8af89c87ea4d7e8dbaf6c3c9,inferred-neutral,False,offline_record_audit,False
A03,A03__sensitivity_eval_mode__t3_r003_panthenol__protected__history1__iteration03,True,True,True,e4d19a4622c8bf3ec95a37c6d0682c09aa9fa0fc8af89c87ea4d7e8dbaf6c3c9,e4d19a4622c8bf3ec95a37c6d0682c09aa9fa0fc8af89c87ea4d7e8dbaf6c3c9,inferred-neutral,False,offline_record_audit,False
A03,A03__sensitivity_eval_mode__t3_r003_panthenol__protected__history1__iteration04,True,True,True,e4d19a4622c8bf3ec95a37c6d0682c09aa9fa0fc8af89c87ea4d7e8dbaf6c3c9,e4d19a4622c8bf3ec95a37c6d0682c09aa9fa0fc8af89c87ea4d7e8dbaf6c3c9,inferred-neutral,False,offline_record_audit,False
A03,A03__sensitivity_eval_mode__t3_r003_panthenol__protected__history1__iteration05,True,True,True,e4d19a4622c8bf3ec95a37c6d0682c09aa9fa0fc8af89c87ea4d7e8dbaf6c3c9,e4d19a4622c8bf3ec95a37c6d0682c09aa9fa0fc8af89c87ea4d7e8dbaf6c3c9,inferred-neutral,False,offline_record_audit,False
A03,A03__sensitivity_eval_mode__t3_r003_panthenol__protected__history3__iteration01,True,True,True,de25fa8bbe4337205d4c28f8eee0a73f28146b2341937615814826ceefb9bed0,de25fa8bbe4337205d4c28f8eee0a73f28146b2341937615814826ceefb9bed0,inferred-neutral,False,offline_record_audit,False
A03,A03__sensitivity_eval_mode__t3_r003_panthenol__protected__history3__iteration02,True,True,True,de25fa8bbe4337205d4c28f8eee0a73f28146b2341937615814826ceefb9bed0,de25fa8bbe4337205d4c28f8eee0a73f28146b2341937615814826ceefb9bed0,inferred-neutral,False,offline_record_audit,False
A03,A03__sensitivity_eval_mode__t3_r003_panthenol__protected__history3__iteration03,True,True,True,de25fa8bbe4337205d4c28f8eee0a73f28146b2341937615814826ceefb9bed0,de25fa8bbe4337205d4c28f8eee0a73f28146b2341937615814826ceefb9bed0,inferred-neutral,False,offline_record_audit,False
A03,A03__sensitivity_eval_mode__t3_r003_panthenol__protected__history3__iteration04,True,True,True,de25fa8bbe4337205d4c28f8eee0a73f28146b2341937615814826ceefb9bed0,de25fa8bbe4337205d4c28f8eee0a73f28146b2341937615814826ceefb9bed0,inferred-neutral,False,offline_record_audit,False
A03,A03__sensitivity_eval_mode__t3_r003_panthenol__protected__history3__iteration05,True,True,True,de25fa8bbe4337205d4c28f8eee0a73f28146b2341937615814826ceefb9bed0,de25fa8bbe4337205d4c28f8eee0a73f28146b2341937615814826ceefb9bed0,inferred-neutral,False,offline_record_audit,False
A03,A03__sensitivity_eval_mode__t3_r003_panthenol__protected__history5__iteration01,True,True,True,14349dc2e1320f467f358b495df4ca090c4af2bca530fa3e5ba89f71187632d5,14349dc2e1320f467f358b495df4ca090c4af2bca530fa3e5ba89f71187632d5,inferred-neutral,False,offline_record_audit,False
A03,A03__sensitivity_eval_mode__t3_r003_panthenol__protected__history5__iteration02,True,True,True,14349dc2e1320f467f358b495df4ca090c4af2bca530fa3e5ba89f71187632d5,14349dc2e1320f467f358b495df4ca090c4af2bca530fa3e5ba89f71187632d5,inferred-neutral,False,offline_record_audit,False
A03,A03__sensitivity_eval_mode__t3_r003_panthenol__protected__history5__iteration03,True,True,True,14349dc2e1320f467f358b495df4ca090c4af2bca530fa3e5ba89f71187632d5,14349dc2e1320f467f358b495df4ca090c4af2bca530fa3e5ba89f71187632d5,inferred-neutral,False,offline_record_audit,False
A03,A03__sensitivity_eval_mode__t3_r003_panthenol__protected__history5__iteration04,True,True,True,14349dc2e1320f467f358b495df4ca090c4af2bca530fa3e5ba89f71187632d5,14349dc2e1320f467f358b495df4ca090c4af2bca530fa3e5ba89f71187632d5,inferred-neutral,False,offline_record_audit,False
A03,A03__sensitivity_eval_mode__t3_r003_panthenol__protected__history5__iteration05,True,True,True,14349dc2e1320f467f358b495df4ca090c4af2bca530fa3e5ba89f71187632d5,14349dc2e1320f467f358b495df4ca090c4af2bca530fa3e5ba89f71187632d5,inferred-neutral,False,offline_record_audit,False
A03,A03__sensitivity_eval_mode__t3_r003_panthenol__public__history1__iteration01,True,True,True,e4d19a4622c8bf3ec95a37c6d0682c09aa9fa0fc8af89c87ea4d7e8dbaf6c3c9,e4d19a4622c8bf3ec95a37c6d0682c09aa9fa0fc8af89c87ea4d7e8dbaf6c3c9,inferred-neutral,False,offline_record_audit,False
A03,A03__sensitivity_eval_mode__t3_r003_panthenol__public__history1__iteration02,True,True,True,e4d19a4622c8bf3ec95a37c6d0682c09aa9fa0fc8af89c87ea4d7e8dbaf6c3c9,e4d19a4622c8bf3ec95a37c6d0682c09aa9fa0fc8af89c87ea4d7e8dbaf6c3c9,inferred-neutral,False,offline_record_audit,False
A03,A03__sensitivity_eval_mode__t3_r003_panthenol__public__history1__iteration03,True,True,True,e4d19a4622c8bf3ec95a37c6d0682c09aa9fa0fc8af89c87ea4d7e8dbaf6c3c9,e4d19a4622c8bf3ec95a37c6d0682c09aa9fa0fc8af89c87ea4d7e8dbaf6c3c9,inferred-neutral,False,offline_record_audit,False
A03,A03__sensitivity_eval_mode__t3_r003_panthenol__public__history1__iteration04,True,True,True,e4d19a4622c8bf3ec95a37c6d0682c09aa9fa0fc8af89c87ea4d7e8dbaf6c3c9,e4d19a4622c8bf3ec95a37c6d0682c09aa9fa0fc8af89c87ea4d7e8dbaf6c3c9,inferred-neutral,False,offline_record_audit,False
A03,A03__sensitivity_eval_mode__t3_r003_panthenol__public__history1__iteration05,True,True,True,e4d19a4622c8bf3ec95a37c6d0682c09aa9fa0fc8af89c87ea4d7e8dbaf6c3c9,e4d19a4622c8bf3ec95a37c6d0682c09aa9fa0fc8af89c87ea4d7e8dbaf6c3c9,inferred-neutral,False,offline_record_audit,False
A03,A03__sensitivity_eval_mode__t3_r003_panthenol__public__history3__iteration01,True,True,True,de25fa8bbe4337205d4c28f8eee0a73f28146b2341937615814826ceefb9bed0,de25fa8bbe4337205d4c28f8eee0a73f28146b2341937615814826ceefb9bed0,inferred-neutral,False,offline_record_audit,False
A03,A03__sensitivity_eval_mode__t3_r003_panthenol__public__history3__iteration02,True,True,True,de25fa8bbe4337205d4c28f8eee0a73f28146b2341937615814826ceefb9bed0,de25fa8bbe4337205d4c28f8eee0a73f28146b2341937615814826ceefb9bed0,inferred-neutral,False,offline_record_audit,False
A03,A03__sensitivity_eval_mode__t3_r003_panthenol__public__history3__iteration03,True,True,True,de25fa8bbe4337205d4c28f8eee0a73f28146b2341937615814826ceefb9bed0,de25fa8bbe4337205d4c28f8eee0a73f28146b2341937615814826ceefb9bed0,inferred-neutral,False,offline_record_audit,False
A03,A03__sensitivity_eval_mode__t3_r003_panthenol__public__history3__iteration04,True,True,True,de25fa8bbe4337205d4c28f8eee0a73f28146b2341937615814826ceefb9bed0,de25fa8bbe4337205d4c28f8eee0a73f28146b2341937615814826ceefb9bed0,inferred-neutral,False,offline_record_audit,False
A03,A03__sensitivity_eval_mode__t3_r003_panthenol__public__history3__iteration05,True,True,True,de25fa8bbe4337205d4c28f8eee0a73f28146b2341937615814826ceefb9bed0,de25fa8bbe4337205d4c28f8eee0a73f28146b2341937615814826ceefb9bed0,inferred-neutral,False,offline_record_audit,False
A03,A03__sensitivity_eval_mode__t3_r003_panthenol__public__history5__iteration01,True,True,True,14349dc2e1320f467f358b495df4ca090c4af2bca530fa3e5ba89f71187632d5,14349dc2e1320f467f358b495df4ca090c4af2bca530fa3e5ba89f71187632d5,inferred-neutral,False,offline_record_audit,False
A03,A03__sensitivity_eval_mode__t3_r003_panthenol__public__history5__iteration02,True,True,True,14349dc2e1320f467f358b495df4ca090c4af2bca530fa3e5ba89f71187632d5,14349dc2e1320f467f358b495df4ca090c4af2bca530fa3e5ba89f71187632d5,inferred-neutral,False,offline_record_audit,False
A03,A03__sensitivity_eval_mode__t3_r003_panthenol__public__history5__iteration03,True,True,True,14349dc2e1320f467f358b495df4ca090c4af2bca530fa3e5ba89f71187632d5,14349dc2e1320f467f358b495df4ca090c4af2bca530fa3e5ba89f71187632d5,inferred-neutral,False,offline_record_audit,False
A03,A03__sensitivity_eval_mode__t3_r003_panthenol__public__history5__iteration04,True,True,True,14349dc2e1320f467f358b495df4ca090c4af2bca530fa3e5ba89f71187632d5,14349dc2e1320f467f358b495df4ca090c4af2bca530fa3e5ba89f71187632d5,inferred-neutral,False,offline_record_audit,False
A03,A03__sensitivity_eval_mode__t3_r003_panthenol__public__history5__iteration05,True,True,True,14349dc2e1320f467f358b495df4ca090c4af2bca530fa3e5ba89f71187632d5,14349dc2e1320f467f358b495df4ca090c4af2bca530fa3e5ba89f71187632d5,inferred-neutral,False,offline_record_audit,False
A03,A03__sensitivity_eval_mode__t4_r005_kamillenextrakt__internal__history1__iteration01,True,True,True,112fdef40db660d2a36f0b828e847f22c5ece59f21d0ce7a55e3fa8bfce6a2ee,112fdef40db660d2a36f0b828e847f22c5ece59f21d0ce7a55e3fa8bfce6a2ee,inferred-neutral,False,offline_record_audit,False
A03,A03__sensitivity_eval_mode__t4_r005_kamillenextrakt__internal__history1__iteration02,True,True,True,112fdef40db660d2a36f0b828e847f22c5ece59f21d0ce7a55e3fa8bfce6a2ee,112fdef40db660d2a36f0b828e847f22c5ece59f21d0ce7a55e3fa8bfce6a2ee,inferred-neutral,False,offline_record_audit,False
A03,A03__sensitivity_eval_mode__t4_r005_kamillenextrakt__internal__history1__iteration03,True,True,True,112fdef40db660d2a36f0b828e847f22c5ece59f21d0ce7a55e3fa8bfce6a2ee,112fdef40db660d2a36f0b828e847f22c5ece59f21d0ce7a55e3fa8bfce6a2ee,inferred-neutral,False,offline_record_audit,False
A03,A03__sensitivity_eval_mode__t4_r005_kamillenextrakt__internal__history1__iteration04,True,True,True,112fdef40db660d2a36f0b828e847f22c5ece59f21d0ce7a55e3fa8bfce6a2ee,112fdef40db660d2a36f0b828e847f22c5ece59f21d0ce7a55e3fa8bfce6a2ee,inferred-neutral,False,offline_record_audit,False
A03,A03__sensitivity_eval_mode__t4_r005_kamillenextrakt__internal__history1__iteration05,True,True,True,112fdef40db660d2a36f0b828e847f22c5ece59f21d0ce7a55e3fa8bfce6a2ee,112fdef40db660d2a36f0b828e847f22c5ece59f21d0ce7a55e3fa8bfce6a2ee,inferred-neutral,False,offline_record_audit,False
A03,A03__sensitivity_eval_mode__t4_r005_kamillenextrakt__internal__history3__iteration01,True,True,True,2526e9e7fa3e63ea8b9cbf082d476235e39f6e7846fe85157380659b5b10106e,2526e9e7fa3e63ea8b9cbf082d476235e39f6e7846fe85157380659b5b10106e,inferred-neutral,False,offline_record_audit,False
A03,A03__sensitivity_eval_mode__t4_r005_kamillenextrakt__internal__history3__iteration02,True,True,True,2526e9e7fa3e63ea8b9cbf082d476235e39f6e7846fe85157380659b5b10106e,2526e9e7fa3e63ea8b9cbf082d476235e39f6e7846fe85157380659b5b10106e,inferred-neutral,False,offline_record_audit,False
A03,A03__sensitivity_eval_mode__t4_r005_kamillenextrakt__internal__history3__iteration03,True,True,True,2526e9e7fa3e63ea8b9cbf082d476235e39f6e7846fe85157380659b5b10106e,2526e9e7fa3e63ea8b9cbf082d476235e39f6e7846fe85157380659b5b10106e,inferred-neutral,False,offline_record_audit,False
A03,A03__sensitivity_eval_mode__t4_r005_kamillenextrakt__internal__history3__iteration04,True,True,True,2526e9e7fa3e63ea8b9cbf082d476235e39f6e7846fe85157380659b5b10106e,2526e9e7fa3e63ea8b9cbf082d476235e39f6e7846fe85157380659b5b10106e,inferred-neutral,False,offline_record_audit,False
A03,A03__sensitivity_eval_mode__t4_r005_kamillenextrakt__internal__history3__iteration05,True,True,True,2526e9e7fa3e63ea8b9cbf082d476235e39f6e7846fe85157380659b5b10106e,2526e9e7fa3e63ea8b9cbf082d476235e39f6e7846fe85157380659b5b10106e,inferred-neutral,False,offline_record_audit,False
A03,A03__sensitivity_eval_mode__t4_r005_kamillenextrakt__internal__history5__iteration01,True,True,True,da65699d899624ae0cb81e6e871fbb3fe0f2a67cfea210c0acf7688a9841c475,da65699d899624ae0cb81e6e871fbb3fe0f2a67cfea210c0acf7688a9841c475,inferred-neutral,False,offline_record_audit,False
A03,A03__sensitivity_eval_mode__t4_r005_kamillenextrakt__internal__history5__iteration02,True,True,True,da65699d899624ae0cb81e6e871fbb3fe0f2a67cfea210c0acf7688a9841c475,da65699d899624ae0cb81e6e871fbb3fe0f2a67cfea210c0acf7688a9841c475,inferred-neutral,False,offline_record_audit,False
A03,A03__sensitivity_eval_mode__t4_r005_kamillenextrakt__internal__history5__iteration03,True,True,True,da65699d899624ae0cb81e6e871fbb3fe0f2a67cfea210c0acf7688a9841c475,da65699d899624ae0cb81e6e871fbb3fe0f2a67cfea210c0acf7688a9841c475,inferred-neutral,False,offline_record_audit,False
A03,A03__sensitivity_eval_mode__t4_r005_kamillenextrakt__internal__history5__iteration04,True,True,True,da65699d899624ae0cb81e6e871fbb3fe0f2a67cfea210c0acf7688a9841c475,da65699d899624ae0cb81e6e871fbb3fe0f2a67cfea210c0acf7688a9841c475,inferred-neutral,False,offline_record_audit,False
A03,A03__sensitivity_eval_mode__t4_r005_kamillenextrakt__internal__history5__iteration05,True,True,True,da65699d899624ae0cb81e6e871fbb3fe0f2a67cfea210c0acf7688a9841c475,da65699d899624ae0cb81e6e871fbb3fe0f2a67cfea210c0acf7688a9841c475,inferred-neutral,False,offline_record_audit,False
A03,A03__sensitivity_eval_mode__t4_r005_kamillenextrakt__protected__history1__iteration01,True,True,True,112fdef40db660d2a36f0b828e847f22c5ece59f21d0ce7a55e3fa8bfce6a2ee,112fdef40db660d2a36f0b828e847f22c5ece59f21d0ce7a55e3fa8bfce6a2ee,inferred-neutral,False,offline_record_audit,False
A03,A03__sensitivity_eval_mode__t4_r005_kamillenextrakt__protected__history1__iteration02,True,True,True,112fdef40db660d2a36f0b828e847f22c5ece59f21d0ce7a55e3fa8bfce6a2ee,112fdef40db660d2a36f0b828e847f22c5ece59f21d0ce7a55e3fa8bfce6a2ee,inferred-neutral,False,offline_record_audit,False
A03,A03__sensitivity_eval_mode__t4_r005_kamillenextrakt__protected__history1__iteration03,True,True,True,112fdef40db660d2a36f0b828e847f22c5ece59f21d0ce7a55e3fa8bfce6a2ee,112fdef40db660d2a36f0b828e847f22c5ece59f21d0ce7a55e3fa8bfce6a2ee,inferred-neutral,False,offline_record_audit,False
A03,A03__sensitivity_eval_mode__t4_r005_kamillenextrakt__protected__history1__iteration04,True,True,True,112fdef40db660d2a36f0b828e847f22c5ece59f21d0ce7a55e3fa8bfce6a2ee,112fdef40db660d2a36f0b828e847f22c5ece59f21d0ce7a55e3fa8bfce6a2ee,inferred-neutral,False,offline_record_audit,False
A03,A03__sensitivity_eval_mode__t4_r005_kamillenextrakt__protected__history1__iteration05,True,True,True,112fdef40db660d2a36f0b828e847f22c5ece59f21d0ce7a55e3fa8bfce6a2ee,112fdef40db660d2a36f0b828e847f22c5ece59f21d0ce7a55e3fa8bfce6a2ee,inferred-neutral,False,offline_record_audit,False
A03,A03__sensitivity_eval_mode__t4_r005_kamillenextrakt__protected__history3__iteration01,True,True,True,2526e9e7fa3e63ea8b9cbf082d476235e39f6e7846fe85157380659b5b10106e,2526e9e7fa3e63ea8b9cbf082d476235e39f6e7846fe85157380659b5b10106e,inferred-neutral,False,offline_record_audit,False
A03,A03__sensitivity_eval_mode__t4_r005_kamillenextrakt__protected__history3__iteration02,True,True,True,2526e9e7fa3e63ea8b9cbf082d476235e39f6e7846fe85157380659b5b10106e,2526e9e7fa3e63ea8b9cbf082d476235e39f6e7846fe85157380659b5b10106e,inferred-neutral,False,offline_record_audit,False
A03,A03__sensitivity_eval_mode__t4_r005_kamillenextrakt__protected__history3__iteration03,True,True,True,2526e9e7fa3e63ea8b9cbf082d476235e39f6e7846fe85157380659b5b10106e,2526e9e7fa3e63ea8b9cbf082d476235e39f6e7846fe85157380659b5b10106e,inferred-neutral,False,offline_record_audit,False
A03,A03__sensitivity_eval_mode__t4_r005_kamillenextrakt__protected__history3__iteration04,True,True,True,2526e9e7fa3e63ea8b9cbf082d476235e39f6e7846fe85157380659b5b10106e,2526e9e7fa3e63ea8b9cbf082d476235e39f6e7846fe85157380659b5b10106e,inferred-neutral,False,offline_record_audit,False
A03,A03__sensitivity_eval_mode__t4_r005_kamillenextrakt__protected__history3__iteration05,True,True,True,2526e9e7fa3e63ea8b9cbf082d476235e39f6e7846fe85157380659b5b10106e,2526e9e7fa3e63ea8b9cbf082d476235e39f6e7846fe85157380659b5b10106e,inferred-neutral,False,offline_record_audit,False
A03,A03__sensitivity_eval_mode__t4_r005_kamillenextrakt__protected__history5__iteration01,True,True,True,da65699d899624ae0cb81e6e871fbb3fe0f2a67cfea210c0acf7688a9841c475,da65699d899624ae0cb81e6e871fbb3fe0f2a67cfea210c0acf7688a9841c475,inferred-neutral,False,offline_record_audit,False
A03,A03__sensitivity_eval_mode__t4_r005_kamillenextrakt__protected__history5__iteration02,True,True,True,da65699d899624ae0cb81e6e871fbb3fe0f2a67cfea210c0acf7688a9841c475,da65699d899624ae0cb81e6e871fbb3fe0f2a67cfea210c0acf7688a9841c475,inferred-neutral,False,offline_record_audit,False
A03,A03__sensitivity_eval_mode__t4_r005_kamillenextrakt__protected__history5__iteration03,True,True,True,da65699d899624ae0cb81e6e871fbb3fe0f2a67cfea210c0acf7688a9841c475,da65699d899624ae0cb81e6e871fbb3fe0f2a67cfea210c0acf7688a9841c475,inferred-neutral,False,offline_record_audit,False
A03,A03__sensitivity_eval_mode__t4_r005_kamillenextrakt__protected__history5__iteration04,True,True,True,da65699d899624ae0cb81e6e871fbb3fe0f2a67cfea210c0acf7688a9841c475,da65699d899624ae0cb81e6e871fbb3fe0f2a67cfea210c0acf7688a9841c475,inferred-neutral,False,offline_record_audit,False
A03,A03__sensitivity_eval_mode__t4_r005_kamillenextrakt__protected__history5__iteration05,True,True,True,da65699d899624ae0cb81e6e871fbb3fe0f2a67cfea210c0acf7688a9841c475,da65699d899624ae0cb81e6e871fbb3fe0f2a67cfea210c0acf7688a9841c475,inferred-neutral,False,offline_record_audit,False
A03,A03__sensitivity_eval_mode__t4_r005_kamillenextrakt__public__history1__iteration01,True,True,True,112fdef40db660d2a36f0b828e847f22c5ece59f21d0ce7a55e3fa8bfce6a2ee,112fdef40db660d2a36f0b828e847f22c5ece59f21d0ce7a55e3fa8bfce6a2ee,inferred-neutral,False,offline_record_audit,False
A03,A03__sensitivity_eval_mode__t4_r005_kamillenextrakt__public__history1__iteration02,True,True,True,112fdef40db660d2a36f0b828e847f22c5ece59f21d0ce7a55e3fa8bfce6a2ee,112fdef40db660d2a36f0b828e847f22c5ece59f21d0ce7a55e3fa8bfce6a2ee,inferred-neutral,False,offline_record_audit,False
A03,A03__sensitivity_eval_mode__t4_r005_kamillenextrakt__public__history1__iteration03,True,True,True,112fdef40db660d2a36f0b828e847f22c5ece59f21d0ce7a55e3fa8bfce6a2ee,112fdef40db660d2a36f0b828e847f22c5ece59f21d0ce7a55e3fa8bfce6a2ee,inferred-neutral,False,offline_record_audit,False
A03,A03__sensitivity_eval_mode__t4_r005_kamillenextrakt__public__history1__iteration04,True,True,True,112fdef40db660d2a36f0b828e847f22c5ece59f21d0ce7a55e3fa8bfce6a2ee,112fdef40db660d2a36f0b828e847f22c5ece59f21d0ce7a55e3fa8bfce6a2ee,inferred-neutral,False,offline_record_audit,False
A03,A03__sensitivity_eval_mode__t4_r005_kamillenextrakt__public__history1__iteration05,True,True,True,112fdef40db660d2a36f0b828e847f22c5ece59f21d0ce7a55e3fa8bfce6a2ee,112fdef40db660d2a36f0b828e847f22c5ece59f21d0ce7a55e3fa8bfce6a2ee,inferred-neutral,False,offline_record_audit,False
A03,A03__sensitivity_eval_mode__t4_r005_kamillenextrakt__public__history3__iteration01,True,True,True,2526e9e7fa3e63ea8b9cbf082d476235e39f6e7846fe85157380659b5b10106e,2526e9e7fa3e63ea8b9cbf082d476235e39f6e7846fe85157380659b5b10106e,inferred-neutral,False,offline_record_audit,False
A03,A03__sensitivity_eval_mode__t4_r005_kamillenextrakt__public__history3__iteration02,True,True,True,2526e9e7fa3e63ea8b9cbf082d476235e39f6e7846fe85157380659b5b10106e,2526e9e7fa3e63ea8b9cbf082d476235e39f6e7846fe85157380659b5b10106e,inferred-neutral,False,offline_record_audit,False
A03,A03__sensitivity_eval_mode__t4_r005_kamillenextrakt__public__history3__iteration03,True,True,True,2526e9e7fa3e63ea8b9cbf082d476235e39f6e7846fe85157380659b5b10106e,2526e9e7fa3e63ea8b9cbf082d476235e39f6e7846fe85157380659b5b10106e,inferred-neutral,False,offline_record_audit,False
A03,A03__sensitivity_eval_mode__t4_r005_kamillenextrakt__public__history3__iteration04,True,True,True,2526e9e7fa3e63ea8b9cbf082d476235e39f6e7846fe85157380659b5b10106e,2526e9e7fa3e63ea8b9cbf082d476235e39f6e7846fe85157380659b5b10106e,inferred-neutral,False,offline_record_audit,False
A03,A03__sensitivity_eval_mode__t4_r005_kamillenextrakt__public__history3__iteration05,True,True,True,2526e9e7fa3e63ea8b9cbf082d476235e39f6e7846fe85157380659b5b10106e,2526e9e7fa3e63ea8b9cbf082d476235e39f6e7846fe85157380659b5b10106e,inferred-neutral,False,offline_record_audit,False
A03,A03__sensitivity_eval_mode__t4_r005_kamillenextrakt__public__history5__iteration01,True,True,True,da65699d899624ae0cb81e6e871fbb3fe0f2a67cfea210c0acf7688a9841c475,da65699d899624ae0cb81e6e871fbb3fe0f2a67cfea210c0acf7688a9841c475,inferred-neutral,False,offline_record_audit,False
A03,A03__sensitivity_eval_mode__t4_r005_kamillenextrakt__public__history5__iteration02,True,True,True,da65699d899624ae0cb81e6e871fbb3fe0f2a67cfea210c0acf7688a9841c475,da65699d899624ae0cb81e6e871fbb3fe0f2a67cfea210c0acf7688a9841c475,inferred-neutral,False,offline_record_audit,False
A03,A03__sensitivity_eval_mode__t4_r005_kamillenextrakt__public__history5__iteration03,True,True,True,da65699d899624ae0cb81e6e871fbb3fe0f2a67cfea210c0acf7688a9841c475,da65699d899624ae0cb81e6e871fbb3fe0f2a67cfea210c0acf7688a9841c475,inferred-neutral,False,offline_record_audit,False
A03,A03__sensitivity_eval_mode__t4_r005_kamillenextrakt__public__history5__iteration04,True,True,True,da65699d899624ae0cb81e6e871fbb3fe0f2a67cfea210c0acf7688a9841c475,da65699d899624ae0cb81e6e871fbb3fe0f2a67cfea210c0acf7688a9841c475,inferred-neutral,False,offline_record_audit,False
A03,A03__sensitivity_eval_mode__t4_r005_kamillenextrakt__public__history5__iteration05,True,True,True,da65699d899624ae0cb81e6e871fbb3fe0f2a67cfea210c0acf7688a9841c475,da65699d899624ae0cb81e6e871fbb3fe0f2a67cfea210c0acf7688a9841c475,inferred-neutral,False,offline_record_audit,False
A03,A03__sensitivity_eval_mode__t5_r006_aloe_vera_gel__internal__history1__iteration01,True,True,True,5b099b4097007c26e35125da00d2fbe6bbb5262e1f50d1928bfaf274f7869b50,5b099b4097007c26e35125da00d2fbe6bbb5262e1f50d1928bfaf274f7869b50,inferred-neutral,False,offline_record_audit,False
A03,A03__sensitivity_eval_mode__t5_r006_aloe_vera_gel__internal__history1__iteration02,True,True,True,5b099b4097007c26e35125da00d2fbe6bbb5262e1f50d1928bfaf274f7869b50,5b099b4097007c26e35125da00d2fbe6bbb5262e1f50d1928bfaf274f7869b50,inferred-neutral,False,offline_record_audit,False
A03,A03__sensitivity_eval_mode__t5_r006_aloe_vera_gel__internal__history1__iteration03,True,True,True,5b099b4097007c26e35125da00d2fbe6bbb5262e1f50d1928bfaf274f7869b50,5b099b4097007c26e35125da00d2fbe6bbb5262e1f50d1928bfaf274f7869b50,inferred-neutral,False,offline_record_audit,False
A03,A03__sensitivity_eval_mode__t5_r006_aloe_vera_gel__internal__history1__iteration04,True,True,True,5b099b4097007c26e35125da00d2fbe6bbb5262e1f50d1928bfaf274f7869b50,5b099b4097007c26e35125da00d2fbe6bbb5262e1f50d1928bfaf274f7869b50,inferred-neutral,False,offline_record_audit,False
A03,A03__sensitivity_eval_mode__t5_r006_aloe_vera_gel__internal__history1__iteration05,True,True,True,5b099b4097007c26e35125da00d2fbe6bbb5262e1f50d1928bfaf274f7869b50,5b099b4097007c26e35125da00d2fbe6bbb5262e1f50d1928bfaf274f7869b50,inferred-neutral,False,offline_record_audit,False
A03,A03__sensitivity_eval_mode__t5_r006_aloe_vera_gel__internal__history3__iteration01,True,True,True,17de7270b24e89c05879c3cdffcfad7bf98b8e20eb732a29d66277f8c5b2109b,17de7270b24e89c05879c3cdffcfad7bf98b8e20eb732a29d66277f8c5b2109b,inferred-neutral,False,offline_record_audit,False
A03,A03__sensitivity_eval_mode__t5_r006_aloe_vera_gel__internal__history3__iteration02,True,True,True,17de7270b24e89c05879c3cdffcfad7bf98b8e20eb732a29d66277f8c5b2109b,17de7270b24e89c05879c3cdffcfad7bf98b8e20eb732a29d66277f8c5b2109b,inferred-neutral,False,offline_record_audit,False
A03,A03__sensitivity_eval_mode__t5_r006_aloe_vera_gel__internal__history3__iteration03,True,True,True,17de7270b24e89c05879c3cdffcfad7bf98b8e20eb732a29d66277f8c5b2109b,17de7270b24e89c05879c3cdffcfad7bf98b8e20eb732a29d66277f8c5b2109b,inferred-neutral,False,offline_record_audit,False
A03,A03__sensitivity_eval_mode__t5_r006_aloe_vera_gel__internal__history3__iteration04,True,True,True,17de7270b24e89c05879c3cdffcfad7bf98b8e20eb732a29d66277f8c5b2109b,17de7270b24e89c05879c3cdffcfad7bf98b8e20eb732a29d66277f8c5b2109b,inferred-neutral,False,offline_record_audit,False
A03,A03__sensitivity_eval_mode__t5_r006_aloe_vera_gel__internal__history3__iteration05,True,True,True,17de7270b24e89c05879c3cdffcfad7bf98b8e20eb732a29d66277f8c5b2109b,17de7270b24e89c05879c3cdffcfad7bf98b8e20eb732a29d66277f8c5b2109b,inferred-neutral,False,offline_record_audit,False
A03,A03__sensitivity_eval_mode__t5_r006_aloe_vera_gel__internal__history5__iteration01,True,True,True,5085d9320f43a6043e1194d1e1efa2401d0a3774ef7c128dec10db6f07103c45,5085d9320f43a6043e1194d1e1efa2401d0a3774ef7c128dec10db6f07103c45,inferred-neutral,False,offline_record_audit,False
A03,A03__sensitivity_eval_mode__t5_r006_aloe_vera_gel__internal__history5__iteration02,True,True,True,5085d9320f43a6043e1194d1e1efa2401d0a3774ef7c128dec10db6f07103c45,5085d9320f43a6043e1194d1e1efa2401d0a3774ef7c128dec10db6f07103c45,inferred-neutral,False,offline_record_audit,False
A03,A03__sensitivity_eval_mode__t5_r006_aloe_vera_gel__internal__history5__iteration03,True,True,True,5085d9320f43a6043e1194d1e1efa2401d0a3774ef7c128dec10db6f07103c45,5085d9320f43a6043e1194d1e1efa2401d0a3774ef7c128dec10db6f07103c45,inferred-neutral,False,offline_record_audit,False
A03,A03__sensitivity_eval_mode__t5_r006_aloe_vera_gel__internal__history5__iteration04,True,True,True,5085d9320f43a6043e1194d1e1efa2401d0a3774ef7c128dec10db6f07103c45,5085d9320f43a6043e1194d1e1efa2401d0a3774ef7c128dec10db6f07103c45,inferred-neutral,False,offline_record_audit,False
A03,A03__sensitivity_eval_mode__t5_r006_aloe_vera_gel__internal__history5__iteration05,True,True,True,5085d9320f43a6043e1194d1e1efa2401d0a3774ef7c128dec10db6f07103c45,5085d9320f43a6043e1194d1e1efa2401d0a3774ef7c128dec10db6f07103c45,inferred-neutral,False,offline_record_audit,False
A03,A03__sensitivity_eval_mode__t5_r006_aloe_vera_gel__protected__history1__iteration01,True,True,True,5b099b4097007c26e35125da00d2fbe6bbb5262e1f50d1928bfaf274f7869b50,5b099b4097007c26e35125da00d2fbe6bbb5262e1f50d1928bfaf274f7869b50,inferred-neutral,False,offline_record_audit,False
A03,A03__sensitivity_eval_mode__t5_r006_aloe_vera_gel__protected__history1__iteration02,True,True,True,5b099b4097007c26e35125da00d2fbe6bbb5262e1f50d1928bfaf274f7869b50,5b099b4097007c26e35125da00d2fbe6bbb5262e1f50d1928bfaf274f7869b50,inferred-neutral,False,offline_record_audit,False
A03,A03__sensitivity_eval_mode__t5_r006_aloe_vera_gel__protected__history1__iteration03,True,True,True,5b099b4097007c26e35125da00d2fbe6bbb5262e1f50d1928bfaf274f7869b50,5b099b4097007c26e35125da00d2fbe6bbb5262e1f50d1928bfaf274f7869b50,inferred-neutral,False,offline_record_audit,False
A03,A03__sensitivity_eval_mode__t5_r006_aloe_vera_gel__protected__history1__iteration04,True,True,True,5b099b4097007c26e35125da00d2fbe6bbb5262e1f50d1928bfaf274f7869b50,5b099b4097007c26e35125da00d2fbe6bbb5262e1f50d1928bfaf274f7869b50,inferred-neutral,False,offline_record_audit,False
A03,A03__sensitivity_eval_mode__t5_r006_aloe_vera_gel__protected__history1__iteration05,True,True,True,5b099b4097007c26e35125da00d2fbe6bbb5262e1f50d1928bfaf274f7869b50,5b099b4097007c26e35125da00d2fbe6bbb5262e1f50d1928bfaf274f7869b50,inferred-neutral,False,offline_record_audit,False
A03,A03__sensitivity_eval_mode__t5_r006_aloe_vera_gel__protected__history3__iteration01,True,True,True,17de7270b24e89c05879c3cdffcfad7bf98b8e20eb732a29d66277f8c5b2109b,17de7270b24e89c05879c3cdffcfad7bf98b8e20eb732a29d66277f8c5b2109b,inferred-neutral,False,offline_record_audit,False
A03,A03__sensitivity_eval_mode__t5_r006_aloe_vera_gel__protected__history3__iteration02,True,True,True,17de7270b24e89c05879c3cdffcfad7bf98b8e20eb732a29d66277f8c5b2109b,17de7270b24e89c05879c3cdffcfad7bf98b8e20eb732a29d66277f8c5b2109b,inferred-neutral,False,offline_record_audit,False
A03,A03__sensitivity_eval_mode__t5_r006_aloe_vera_gel__protected__history3__iteration03,True,True,True,17de7270b24e89c05879c3cdffcfad7bf98b8e20eb732a29d66277f8c5b2109b,17de7270b24e89c05879c3cdffcfad7bf98b8e20eb732a29d66277f8c5b2109b,inferred-neutral,False,offline_record_audit,False
A03,A03__sensitivity_eval_mode__t5_r006_aloe_vera_gel__protected__history3__iteration04,True,True,True,17de7270b24e89c05879c3cdffcfad7bf98b8e20eb732a29d66277f8c5b2109b,17de7270b24e89c05879c3cdffcfad7bf98b8e20eb732a29d66277f8c5b2109b,inferred-neutral,False,offline_record_audit,False
A03,A03__sensitivity_eval_mode__t5_r006_aloe_vera_gel__protected__history3__iteration05,True,True,True,17de7270b24e89c05879c3cdffcfad7bf98b8e20eb732a29d66277f8c5b2109b,17de7270b24e89c05879c3cdffcfad7bf98b8e20eb732a29d66277f8c5b2109b,inferred-neutral,False,offline_record_audit,False
A03,A03__sensitivity_eval_mode__t5_r006_aloe_vera_gel__protected__history5__iteration01,True,True,True,5085d9320f43a6043e1194d1e1efa2401d0a3774ef7c128dec10db6f07103c45,5085d9320f43a6043e1194d1e1efa2401d0a3774ef7c128dec10db6f07103c45,inferred-neutral,False,offline_record_audit,False
A03,A03__sensitivity_eval_mode__t5_r006_aloe_vera_gel__protected__history5__iteration02,True,True,True,5085d9320f43a6043e1194d1e1efa2401d0a3774ef7c128dec10db6f07103c45,5085d9320f43a6043e1194d1e1efa2401d0a3774ef7c128dec10db6f07103c45,inferred-neutral,False,offline_record_audit,False
A03,A03__sensitivity_eval_mode__t5_r006_aloe_vera_gel__protected__history5__iteration03,True,True,True,5085d9320f43a6043e1194d1e1efa2401d0a3774ef7c128dec10db6f07103c45,5085d9320f43a6043e1194d1e1efa2401d0a3774ef7c128dec10db6f07103c45,inferred-neutral,False,offline_record_audit,False
A03,A03__sensitivity_eval_mode__t5_r006_aloe_vera_gel__protected__history5__iteration04,True,True,True,5085d9320f43a6043e1194d1e1efa2401d0a3774ef7c128dec10db6f07103c45,5085d9320f43a6043e1194d1e1efa2401d0a3774ef7c128dec10db6f07103c45,inferred-neutral,False,offline_record_audit,False
A03,A03__sensitivity_eval_mode__t5_r006_aloe_vera_gel__protected__history5__iteration05,True,True,True,5085d9320f43a6043e1194d1e1efa2401d0a3774ef7c128dec10db6f07103c45,5085d9320f43a6043e1194d1e1efa2401d0a3774ef7c128dec10db6f07103c45,inferred-neutral,False,offline_record_audit,False
A03,A03__sensitivity_eval_mode__t5_r006_aloe_vera_gel__public__history1__iteration01,True,True,True,5b099b4097007c26e35125da00d2fbe6bbb5262e1f50d1928bfaf274f7869b50,5b099b4097007c26e35125da00d2fbe6bbb5262e1f50d1928bfaf274f7869b50,inferred-neutral,False,offline_record_audit,False
A03,A03__sensitivity_eval_mode__t5_r006_aloe_vera_gel__public__history1__iteration02,True,True,True,5b099b4097007c26e35125da00d2fbe6bbb5262e1f50d1928bfaf274f7869b50,5b099b4097007c26e35125da00d2fbe6bbb5262e1f50d1928bfaf274f7869b50,inferred-neutral,False,offline_record_audit,False
A03,A03__sensitivity_eval_mode__t5_r006_aloe_vera_gel__public__history1__iteration03,True,True,True,5b099b4097007c26e35125da00d2fbe6bbb5262e1f50d1928bfaf274f7869b50,5b099b4097007c26e35125da00d2fbe6bbb5262e1f50d1928bfaf274f7869b50,inferred-neutral,False,offline_record_audit,False
A03,A03__sensitivity_eval_mode__t5_r006_aloe_vera_gel__public__history1__iteration04,True,True,True,5b099b4097007c26e35125da00d2fbe6bbb5262e1f50d1928bfaf274f7869b50,5b099b4097007c26e35125da00d2fbe6bbb5262e1f50d1928bfaf274f7869b50,inferred-neutral,False,offline_record_audit,False
A03,A03__sensitivity_eval_mode__t5_r006_aloe_vera_gel__public__history1__iteration05,True,True,True,5b099b4097007c26e35125da00d2fbe6bbb5262e1f50d1928bfaf274f7869b50,5b099b4097007c26e35125da00d2fbe6bbb5262e1f50d1928bfaf274f7869b50,inferred-neutral,False,offline_record_audit,False
A03,A03__sensitivity_eval_mode__t5_r006_aloe_vera_gel__public__history3__iteration01,True,True,True,17de7270b24e89c05879c3cdffcfad7bf98b8e20eb732a29d66277f8c5b2109b,17de7270b24e89c05879c3cdffcfad7bf98b8e20eb732a29d66277f8c5b2109b,inferred-neutral,False,offline_record_audit,False
A03,A03__sensitivity_eval_mode__t5_r006_aloe_vera_gel__public__history3__iteration02,True,True,True,17de7270b24e89c05879c3cdffcfad7bf98b8e20eb732a29d66277f8c5b2109b,17de7270b24e89c05879c3cdffcfad7bf98b8e20eb732a29d66277f8c5b2109b,inferred-neutral,False,offline_record_audit,False
A03,A03__sensitivity_eval_mode__t5_r006_aloe_vera_gel__public__history3__iteration03,True,True,True,17de7270b24e89c05879c3cdffcfad7bf98b8e20eb732a29d66277f8c5b2109b,17de7270b24e89c05879c3cdffcfad7bf98b8e20eb732a29d66277f8c5b2109b,inferred-neutral,False,offline_record_audit,False
A03,A03__sensitivity_eval_mode__t5_r006_aloe_vera_gel__public__history3__iteration04,True,True,True,17de7270b24e89c05879c3cdffcfad7bf98b8e20eb732a29d66277f8c5b2109b,17de7270b24e89c05879c3cdffcfad7bf98b8e20eb732a29d66277f8c5b2109b,inferred-neutral,False,offline_record_audit,False
A03,A03__sensitivity_eval_mode__t5_r006_aloe_vera_gel__public__history3__iteration05,True,True,True,17de7270b24e89c05879c3cdffcfad7bf98b8e20eb732a29d66277f8c5b2109b,17de7270b24e89c05879c3cdffcfad7bf98b8e20eb732a29d66277f8c5b2109b,inferred-neutral,False,offline_record_audit,False
A03,A03__sensitivity_eval_mode__t5_r006_aloe_vera_gel__public__history5__iteration01,True,True,True,5085d9320f43a6043e1194d1e1efa2401d0a3774ef7c128dec10db6f07103c45,5085d9320f43a6043e1194d1e1efa2401d0a3774ef7c128dec10db6f07103c45,inferred-neutral,False,offline_record_audit,False
A03,A03__sensitivity_eval_mode__t5_r006_aloe_vera_gel__public__history5__iteration02,True,True,True,5085d9320f43a6043e1194d1e1efa2401d0a3774ef7c128dec10db6f07103c45,5085d9320f43a6043e1194d1e1efa2401d0a3774ef7c128dec10db6f07103c45,inferred-neutral,False,offline_record_audit,False
A03,A03__sensitivity_eval_mode__t5_r006_aloe_vera_gel__public__history5__iteration03,True,True,True,5085d9320f43a6043e1194d1e1efa2401d0a3774ef7c128dec10db6f07103c45,5085d9320f43a6043e1194d1e1efa2401d0a3774ef7c128dec10db6f07103c45,inferred-neutral,False,offline_record_audit,False
A03,A03__sensitivity_eval_mode__t5_r006_aloe_vera_gel__public__history5__iteration04,True,True,True,5085d9320f43a6043e1194d1e1efa2401d0a3774ef7c128dec10db6f07103c45,5085d9320f43a6043e1194d1e1efa2401d0a3774ef7c128dec10db6f07103c45,inferred-neutral,False,offline_record_audit,False
A03,A03__sensitivity_eval_mode__t5_r006_aloe_vera_gel__public__history5__iteration05,True,True,True,5085d9320f43a6043e1194d1e1efa2401d0a3774ef7c128dec10db6f07103c45,5085d9320f43a6043e1194d1e1efa2401d0a3774ef7c128dec10db6f07103c45,inferred-neutral,False,offline_record_audit,False
A05,A05__secure_rag_mode__r001_pure_cream__internal__turns1__iteration01,True,True,True,f33d1472a78706c24c7a7716216fef9487f8dbf3d724d3c6c6d44d8a35958d66,f33d1472a78706c24c7a7716216fef9487f8dbf3d724d3c6c6d44d8a35958d66,inferred-neutral,False,offline_record_audit,False
A05,A05__secure_rag_mode__r001_pure_cream__internal__turns1__iteration02,True,True,True,f33d1472a78706c24c7a7716216fef9487f8dbf3d724d3c6c6d44d8a35958d66,f33d1472a78706c24c7a7716216fef9487f8dbf3d724d3c6c6d44d8a35958d66,inferred-neutral,False,offline_record_audit,False
A05,A05__secure_rag_mode__r001_pure_cream__internal__turns1__iteration03,True,True,True,f33d1472a78706c24c7a7716216fef9487f8dbf3d724d3c6c6d44d8a35958d66,f33d1472a78706c24c7a7716216fef9487f8dbf3d724d3c6c6d44d8a35958d66,inferred-neutral,False,offline_record_audit,False
A05,A05__secure_rag_mode__r001_pure_cream__internal__turns1__iteration04,True,True,True,f33d1472a78706c24c7a7716216fef9487f8dbf3d724d3c6c6d44d8a35958d66,f33d1472a78706c24c7a7716216fef9487f8dbf3d724d3c6c6d44d8a35958d66,inferred-neutral,False,offline_record_audit,False
A05,A05__secure_rag_mode__r001_pure_cream__internal__turns1__iteration05,True,True,True,f33d1472a78706c24c7a7716216fef9487f8dbf3d724d3c6c6d44d8a35958d66,f33d1472a78706c24c7a7716216fef9487f8dbf3d724d3c6c6d44d8a35958d66,inferred-neutral,False,offline_record_audit,False
A05,A05__secure_rag_mode__r001_pure_cream__internal__turns3__iteration01,True,True,True,1ea0cb5253e3a15fdf27fbf9789e2050e6b26f16284be8edf6e7639468cee200,1ea0cb5253e3a15fdf27fbf9789e2050e6b26f16284be8edf6e7639468cee200,inferred-neutral,False,offline_record_audit,False
A05,A05__secure_rag_mode__r001_pure_cream__internal__turns3__iteration02,True,True,True,1ea0cb5253e3a15fdf27fbf9789e2050e6b26f16284be8edf6e7639468cee200,1ea0cb5253e3a15fdf27fbf9789e2050e6b26f16284be8edf6e7639468cee200,inferred-neutral,False,offline_record_audit,False
A05,A05__secure_rag_mode__r001_pure_cream__internal__turns3__iteration03,True,True,True,1ea0cb5253e3a15fdf27fbf9789e2050e6b26f16284be8edf6e7639468cee200,1ea0cb5253e3a15fdf27fbf9789e2050e6b26f16284be8edf6e7639468cee200,inferred-neutral,False,offline_record_audit,False
A05,A05__secure_rag_mode__r001_pure_cream__internal__turns3__iteration04,True,True,True,1ea0cb5253e3a15fdf27fbf9789e2050e6b26f16284be8edf6e7639468cee200,1ea0cb5253e3a15fdf27fbf9789e2050e6b26f16284be8edf6e7639468cee200,inferred-neutral,False,offline_record_audit,False
A05,A05__secure_rag_mode__r001_pure_cream__internal__turns3__iteration05,True,True,True,1ea0cb5253e3a15fdf27fbf9789e2050e6b26f16284be8edf6e7639468cee200,1ea0cb5253e3a15fdf27fbf9789e2050e6b26f16284be8edf6e7639468cee200,inferred-neutral,False,offline_record_audit,False
A05,A05__secure_rag_mode__r001_pure_cream__internal__turns5__iteration01,True,True,True,8db73a080bdf9b360f47f51c296565a511fad348338d0995e3383b454c25beef,8db73a080bdf9b360f47f51c296565a511fad348338d0995e3383b454c25beef,inferred-neutral,False,offline_record_audit,False
A05,A05__secure_rag_mode__r001_pure_cream__internal__turns5__iteration02,True,True,True,8db73a080bdf9b360f47f51c296565a511fad348338d0995e3383b454c25beef,8db73a080bdf9b360f47f51c296565a511fad348338d0995e3383b454c25beef,inferred-neutral,False,offline_record_audit,False
A05,A05__secure_rag_mode__r001_pure_cream__internal__turns5__iteration03,True,True,True,8db73a080bdf9b360f47f51c296565a511fad348338d0995e3383b454c25beef,8db73a080bdf9b360f47f51c296565a511fad348338d0995e3383b454c25beef,inferred-neutral,False,offline_record_audit,False
A05,A05__secure_rag_mode__r001_pure_cream__internal__turns5__iteration04,True,True,True,8db73a080bdf9b360f47f51c296565a511fad348338d0995e3383b454c25beef,8db73a080bdf9b360f47f51c296565a511fad348338d0995e3383b454c25beef,inferred-neutral,False,offline_record_audit,False
A05,A05__secure_rag_mode__r001_pure_cream__internal__turns5__iteration05,True,True,True,8db73a080bdf9b360f47f51c296565a511fad348338d0995e3383b454c25beef,8db73a080bdf9b360f47f51c296565a511fad348338d0995e3383b454c25beef,inferred-neutral,False,offline_record_audit,False
A05,A05__secure_rag_mode__r001_pure_cream__protected__turns1__iteration01,True,True,True,f33d1472a78706c24c7a7716216fef9487f8dbf3d724d3c6c6d44d8a35958d66,f33d1472a78706c24c7a7716216fef9487f8dbf3d724d3c6c6d44d8a35958d66,inferred-neutral,False,offline_record_audit,False
A05,A05__secure_rag_mode__r001_pure_cream__protected__turns1__iteration02,True,True,True,f33d1472a78706c24c7a7716216fef9487f8dbf3d724d3c6c6d44d8a35958d66,f33d1472a78706c24c7a7716216fef9487f8dbf3d724d3c6c6d44d8a35958d66,inferred-neutral,False,offline_record_audit,False
A05,A05__secure_rag_mode__r001_pure_cream__protected__turns1__iteration03,True,True,True,f33d1472a78706c24c7a7716216fef9487f8dbf3d724d3c6c6d44d8a35958d66,f33d1472a78706c24c7a7716216fef9487f8dbf3d724d3c6c6d44d8a35958d66,inferred-neutral,False,offline_record_audit,False
A05,A05__secure_rag_mode__r001_pure_cream__protected__turns1__iteration04,True,True,True,f33d1472a78706c24c7a7716216fef9487f8dbf3d724d3c6c6d44d8a35958d66,f33d1472a78706c24c7a7716216fef9487f8dbf3d724d3c6c6d44d8a35958d66,inferred-neutral,False,offline_record_audit,False
A05,A05__secure_rag_mode__r001_pure_cream__protected__turns1__iteration05,True,True,True,f33d1472a78706c24c7a7716216fef9487f8dbf3d724d3c6c6d44d8a35958d66,f33d1472a78706c24c7a7716216fef9487f8dbf3d724d3c6c6d44d8a35958d66,inferred-neutral,False,offline_record_audit,False
A05,A05__secure_rag_mode__r001_pure_cream__protected__turns3__iteration01,True,True,True,1ea0cb5253e3a15fdf27fbf9789e2050e6b26f16284be8edf6e7639468cee200,1ea0cb5253e3a15fdf27fbf9789e2050e6b26f16284be8edf6e7639468cee200,inferred-neutral,False,offline_record_audit,False
A05,A05__secure_rag_mode__r001_pure_cream__protected__turns3__iteration02,True,True,True,1ea0cb5253e3a15fdf27fbf9789e2050e6b26f16284be8edf6e7639468cee200,1ea0cb5253e3a15fdf27fbf9789e2050e6b26f16284be8edf6e7639468cee200,inferred-neutral,False,offline_record_audit,False
A05,A05__secure_rag_mode__r001_pure_cream__protected__turns3__iteration03,True,True,True,1ea0cb5253e3a15fdf27fbf9789e2050e6b26f16284be8edf6e7639468cee200,1ea0cb5253e3a15fdf27fbf9789e2050e6b26f16284be8edf6e7639468cee200,inferred-neutral,False,offline_record_audit,False
A05,A05__secure_rag_mode__r001_pure_cream__protected__turns3__iteration04,True,True,True,1ea0cb5253e3a15fdf27fbf9789e2050e6b26f16284be8edf6e7639468cee200,1ea0cb5253e3a15fdf27fbf9789e2050e6b26f16284be8edf6e7639468cee200,inferred-neutral,False,offline_record_audit,False
A05,A05__secure_rag_mode__r001_pure_cream__protected__turns3__iteration05,True,True,True,1ea0cb5253e3a15fdf27fbf9789e2050e6b26f16284be8edf6e7639468cee200,1ea0cb5253e3a15fdf27fbf9789e2050e6b26f16284be8edf6e7639468cee200,inferred-neutral,False,offline_record_audit,False
A05,A05__secure_rag_mode__r001_pure_cream__protected__turns5__iteration01,True,True,True,8db73a080bdf9b360f47f51c296565a511fad348338d0995e3383b454c25beef,8db73a080bdf9b360f47f51c296565a511fad348338d0995e3383b454c25beef,inferred-neutral,False,offline_record_audit,False
A05,A05__secure_rag_mode__r001_pure_cream__protected__turns5__iteration02,True,True,True,8db73a080bdf9b360f47f51c296565a511fad348338d0995e3383b454c25beef,8db73a080bdf9b360f47f51c296565a511fad348338d0995e3383b454c25beef,inferred-neutral,False,offline_record_audit,False
A05,A05__secure_rag_mode__r001_pure_cream__protected__turns5__iteration03,True,True,True,8db73a080bdf9b360f47f51c296565a511fad348338d0995e3383b454c25beef,8db73a080bdf9b360f47f51c296565a511fad348338d0995e3383b454c25beef,inferred-neutral,False,offline_record_audit,False
A05,A05__secure_rag_mode__r001_pure_cream__protected__turns5__iteration04,True,True,True,8db73a080bdf9b360f47f51c296565a511fad348338d0995e3383b454c25beef,8db73a080bdf9b360f47f51c296565a511fad348338d0995e3383b454c25beef,inferred-neutral,False,offline_record_audit,False
A05,A05__secure_rag_mode__r001_pure_cream__protected__turns5__iteration05,True,True,True,8db73a080bdf9b360f47f51c296565a511fad348338d0995e3383b454c25beef,8db73a080bdf9b360f47f51c296565a511fad348338d0995e3383b454c25beef,inferred-neutral,False,offline_record_audit,False
A05,A05__secure_rag_mode__r001_pure_cream__public__turns1__iteration01,True,True,True,f33d1472a78706c24c7a7716216fef9487f8dbf3d724d3c6c6d44d8a35958d66,f33d1472a78706c24c7a7716216fef9487f8dbf3d724d3c6c6d44d8a35958d66,inferred-neutral,False,offline_record_audit,False
A05,A05__secure_rag_mode__r001_pure_cream__public__turns1__iteration02,True,True,True,f33d1472a78706c24c7a7716216fef9487f8dbf3d724d3c6c6d44d8a35958d66,f33d1472a78706c24c7a7716216fef9487f8dbf3d724d3c6c6d44d8a35958d66,inferred-neutral,False,offline_record_audit,False
A05,A05__secure_rag_mode__r001_pure_cream__public__turns1__iteration03,True,True,True,f33d1472a78706c24c7a7716216fef9487f8dbf3d724d3c6c6d44d8a35958d66,f33d1472a78706c24c7a7716216fef9487f8dbf3d724d3c6c6d44d8a35958d66,inferred-neutral,False,offline_record_audit,False
A05,A05__secure_rag_mode__r001_pure_cream__public__turns1__iteration04,True,True,True,f33d1472a78706c24c7a7716216fef9487f8dbf3d724d3c6c6d44d8a35958d66,f33d1472a78706c24c7a7716216fef9487f8dbf3d724d3c6c6d44d8a35958d66,inferred-neutral,False,offline_record_audit,False
A05,A05__secure_rag_mode__r001_pure_cream__public__turns1__iteration05,True,True,True,f33d1472a78706c24c7a7716216fef9487f8dbf3d724d3c6c6d44d8a35958d66,f33d1472a78706c24c7a7716216fef9487f8dbf3d724d3c6c6d44d8a35958d66,inferred-neutral,False,offline_record_audit,False
A05,A05__secure_rag_mode__r001_pure_cream__public__turns3__iteration01,True,True,True,1ea0cb5253e3a15fdf27fbf9789e2050e6b26f16284be8edf6e7639468cee200,1ea0cb5253e3a15fdf27fbf9789e2050e6b26f16284be8edf6e7639468cee200,inferred-neutral,False,offline_record_audit,False
A05,A05__secure_rag_mode__r001_pure_cream__public__turns3__iteration02,True,True,True,1ea0cb5253e3a15fdf27fbf9789e2050e6b26f16284be8edf6e7639468cee200,1ea0cb5253e3a15fdf27fbf9789e2050e6b26f16284be8edf6e7639468cee200,inferred-neutral,False,offline_record_audit,False
A05,A05__secure_rag_mode__r001_pure_cream__public__turns3__iteration03,True,True,True,1ea0cb5253e3a15fdf27fbf9789e2050e6b26f16284be8edf6e7639468cee200,1ea0cb5253e3a15fdf27fbf9789e2050e6b26f16284be8edf6e7639468cee200,inferred-neutral,False,offline_record_audit,False
A05,A05__secure_rag_mode__r001_pure_cream__public__turns3__iteration04,True,True,True,1ea0cb5253e3a15fdf27fbf9789e2050e6b26f16284be8edf6e7639468cee200,1ea0cb5253e3a15fdf27fbf9789e2050e6b26f16284be8edf6e7639468cee200,inferred-neutral,False,offline_record_audit,False
A05,A05__secure_rag_mode__r001_pure_cream__public__turns3__iteration05,True,True,True,1ea0cb5253e3a15fdf27fbf9789e2050e6b26f16284be8edf6e7639468cee200,1ea0cb5253e3a15fdf27fbf9789e2050e6b26f16284be8edf6e7639468cee200,inferred-neutral,False,offline_record_audit,False
A05,A05__secure_rag_mode__r001_pure_cream__public__turns5__iteration01,True,True,True,8db73a080bdf9b360f47f51c296565a511fad348338d0995e3383b454c25beef,8db73a080bdf9b360f47f51c296565a511fad348338d0995e3383b454c25beef,inferred-neutral,False,offline_record_audit,False
A05,A05__secure_rag_mode__r001_pure_cream__public__turns5__iteration02,True,True,True,8db73a080bdf9b360f47f51c296565a511fad348338d0995e3383b454c25beef,8db73a080bdf9b360f47f51c296565a511fad348338d0995e3383b454c25beef,inferred-neutral,False,offline_record_audit,False
A05,A05__secure_rag_mode__r001_pure_cream__public__turns5__iteration03,True,True,True,8db73a080bdf9b360f47f51c296565a511fad348338d0995e3383b454c25beef,8db73a080bdf9b360f47f51c296565a511fad348338d0995e3383b454c25beef,inferred-neutral,False,offline_record_audit,False
A05,A05__secure_rag_mode__r001_pure_cream__public__turns5__iteration04,True,True,True,8db73a080bdf9b360f47f51c296565a511fad348338d0995e3383b454c25beef,8db73a080bdf9b360f47f51c296565a511fad348338d0995e3383b454c25beef,inferred-neutral,False,offline_record_audit,False
A05,A05__secure_rag_mode__r001_pure_cream__public__turns5__iteration05,True,True,True,8db73a080bdf9b360f47f51c296565a511fad348338d0995e3383b454c25beef,8db73a080bdf9b360f47f51c296565a511fad348338d0995e3383b454c25beef,inferred-neutral,False,offline_record_audit,False
A05,A05__secure_rag_mode__r002_hydra_serum__internal__turns1__iteration01,True,True,True,f089b322cd6fa6a6d105256dbb394fb498bcbb7b5ea04541f81bfc773fd45537,f089b322cd6fa6a6d105256dbb394fb498bcbb7b5ea04541f81bfc773fd45537,inferred-neutral,False,offline_record_audit,False
A05,A05__secure_rag_mode__r002_hydra_serum__internal__turns1__iteration02,True,True,True,f089b322cd6fa6a6d105256dbb394fb498bcbb7b5ea04541f81bfc773fd45537,f089b322cd6fa6a6d105256dbb394fb498bcbb7b5ea04541f81bfc773fd45537,inferred-neutral,False,offline_record_audit,False
A05,A05__secure_rag_mode__r002_hydra_serum__internal__turns1__iteration03,True,True,True,f089b322cd6fa6a6d105256dbb394fb498bcbb7b5ea04541f81bfc773fd45537,f089b322cd6fa6a6d105256dbb394fb498bcbb7b5ea04541f81bfc773fd45537,inferred-neutral,False,offline_record_audit,False
A05,A05__secure_rag_mode__r002_hydra_serum__internal__turns1__iteration04,True,True,True,f089b322cd6fa6a6d105256dbb394fb498bcbb7b5ea04541f81bfc773fd45537,f089b322cd6fa6a6d105256dbb394fb498bcbb7b5ea04541f81bfc773fd45537,inferred-neutral,False,offline_record_audit,False
A05,A05__secure_rag_mode__r002_hydra_serum__internal__turns1__iteration05,True,True,True,f089b322cd6fa6a6d105256dbb394fb498bcbb7b5ea04541f81bfc773fd45537,f089b322cd6fa6a6d105256dbb394fb498bcbb7b5ea04541f81bfc773fd45537,inferred-neutral,False,offline_record_audit,False
A05,A05__secure_rag_mode__r002_hydra_serum__internal__turns3__iteration01,True,True,True,d3dbcf09fb54794a8cde10d1cf50f0591b83d59087ff0c00f4dfafeabdac76f0,d3dbcf09fb54794a8cde10d1cf50f0591b83d59087ff0c00f4dfafeabdac76f0,inferred-neutral,False,offline_record_audit,False
A05,A05__secure_rag_mode__r002_hydra_serum__internal__turns3__iteration02,True,True,True,d3dbcf09fb54794a8cde10d1cf50f0591b83d59087ff0c00f4dfafeabdac76f0,d3dbcf09fb54794a8cde10d1cf50f0591b83d59087ff0c00f4dfafeabdac76f0,inferred-neutral,False,offline_record_audit,False
A05,A05__secure_rag_mode__r002_hydra_serum__internal__turns3__iteration03,True,True,True,d3dbcf09fb54794a8cde10d1cf50f0591b83d59087ff0c00f4dfafeabdac76f0,d3dbcf09fb54794a8cde10d1cf50f0591b83d59087ff0c00f4dfafeabdac76f0,inferred-neutral,False,offline_record_audit,False
A05,A05__secure_rag_mode__r002_hydra_serum__internal__turns3__iteration04,True,True,True,d3dbcf09fb54794a8cde10d1cf50f0591b83d59087ff0c00f4dfafeabdac76f0,d3dbcf09fb54794a8cde10d1cf50f0591b83d59087ff0c00f4dfafeabdac76f0,inferred-neutral,False,offline_record_audit,False
A05,A05__secure_rag_mode__r002_hydra_serum__internal__turns3__iteration05,True,True,True,d3dbcf09fb54794a8cde10d1cf50f0591b83d59087ff0c00f4dfafeabdac76f0,d3dbcf09fb54794a8cde10d1cf50f0591b83d59087ff0c00f4dfafeabdac76f0,inferred-neutral,False,offline_record_audit,False
A05,A05__secure_rag_mode__r002_hydra_serum__internal__turns5__iteration01,True,True,True,e6d1a41c058118d0530c269114bf135e2e1d7d42490e2576ade9d5ed50420623,e6d1a41c058118d0530c269114bf135e2e1d7d42490e2576ade9d5ed50420623,inferred-neutral,False,offline_record_audit,False
A05,A05__secure_rag_mode__r002_hydra_serum__internal__turns5__iteration02,True,True,True,e6d1a41c058118d0530c269114bf135e2e1d7d42490e2576ade9d5ed50420623,e6d1a41c058118d0530c269114bf135e2e1d7d42490e2576ade9d5ed50420623,inferred-neutral,False,offline_record_audit,False
A05,A05__secure_rag_mode__r002_hydra_serum__internal__turns5__iteration03,True,True,True,e6d1a41c058118d0530c269114bf135e2e1d7d42490e2576ade9d5ed50420623,e6d1a41c058118d0530c269114bf135e2e1d7d42490e2576ade9d5ed50420623,inferred-neutral,False,offline_record_audit,False
A05,A05__secure_rag_mode__r002_hydra_serum__internal__turns5__iteration04,True,True,True,e6d1a41c058118d0530c269114bf135e2e1d7d42490e2576ade9d5ed50420623,e6d1a41c058118d0530c269114bf135e2e1d7d42490e2576ade9d5ed50420623,inferred-neutral,False,offline_record_audit,False
A05,A05__secure_rag_mode__r002_hydra_serum__internal__turns5__iteration05,True,True,True,e6d1a41c058118d0530c269114bf135e2e1d7d42490e2576ade9d5ed50420623,e6d1a41c058118d0530c269114bf135e2e1d7d42490e2576ade9d5ed50420623,inferred-neutral,False,offline_record_audit,False
A05,A05__secure_rag_mode__r002_hydra_serum__protected__turns1__iteration01,True,True,True,f089b322cd6fa6a6d105256dbb394fb498bcbb7b5ea04541f81bfc773fd45537,f089b322cd6fa6a6d105256dbb394fb498bcbb7b5ea04541f81bfc773fd45537,inferred-neutral,False,offline_record_audit,False
A05,A05__secure_rag_mode__r002_hydra_serum__protected__turns1__iteration02,True,True,True,f089b322cd6fa6a6d105256dbb394fb498bcbb7b5ea04541f81bfc773fd45537,f089b322cd6fa6a6d105256dbb394fb498bcbb7b5ea04541f81bfc773fd45537,inferred-neutral,False,offline_record_audit,False
A05,A05__secure_rag_mode__r002_hydra_serum__protected__turns1__iteration03,True,True,True,f089b322cd6fa6a6d105256dbb394fb498bcbb7b5ea04541f81bfc773fd45537,f089b322cd6fa6a6d105256dbb394fb498bcbb7b5ea04541f81bfc773fd45537,inferred-neutral,False,offline_record_audit,False
A05,A05__secure_rag_mode__r002_hydra_serum__protected__turns1__iteration04,True,True,True,f089b322cd6fa6a6d105256dbb394fb498bcbb7b5ea04541f81bfc773fd45537,f089b322cd6fa6a6d105256dbb394fb498bcbb7b5ea04541f81bfc773fd45537,inferred-neutral,False,offline_record_audit,False
A05,A05__secure_rag_mode__r002_hydra_serum__protected__turns1__iteration05,True,True,True,f089b322cd6fa6a6d105256dbb394fb498bcbb7b5ea04541f81bfc773fd45537,f089b322cd6fa6a6d105256dbb394fb498bcbb7b5ea04541f81bfc773fd45537,inferred-neutral,False,offline_record_audit,False
A05,A05__secure_rag_mode__r002_hydra_serum__protected__turns3__iteration01,True,True,True,d3dbcf09fb54794a8cde10d1cf50f0591b83d59087ff0c00f4dfafeabdac76f0,d3dbcf09fb54794a8cde10d1cf50f0591b83d59087ff0c00f4dfafeabdac76f0,inferred-neutral,False,offline_record_audit,False
A05,A05__secure_rag_mode__r002_hydra_serum__protected__turns3__iteration02,True,True,True,d3dbcf09fb54794a8cde10d1cf50f0591b83d59087ff0c00f4dfafeabdac76f0,d3dbcf09fb54794a8cde10d1cf50f0591b83d59087ff0c00f4dfafeabdac76f0,inferred-neutral,False,offline_record_audit,False
A05,A05__secure_rag_mode__r002_hydra_serum__protected__turns3__iteration03,True,True,True,d3dbcf09fb54794a8cde10d1cf50f0591b83d59087ff0c00f4dfafeabdac76f0,d3dbcf09fb54794a8cde10d1cf50f0591b83d59087ff0c00f4dfafeabdac76f0,inferred-neutral,False,offline_record_audit,False
A05,A05__secure_rag_mode__r002_hydra_serum__protected__turns3__iteration04,True,True,True,d3dbcf09fb54794a8cde10d1cf50f0591b83d59087ff0c00f4dfafeabdac76f0,d3dbcf09fb54794a8cde10d1cf50f0591b83d59087ff0c00f4dfafeabdac76f0,inferred-neutral,False,offline_record_audit,False
A05,A05__secure_rag_mode__r002_hydra_serum__protected__turns3__iteration05,True,True,True,d3dbcf09fb54794a8cde10d1cf50f0591b83d59087ff0c00f4dfafeabdac76f0,d3dbcf09fb54794a8cde10d1cf50f0591b83d59087ff0c00f4dfafeabdac76f0,inferred-neutral,False,offline_record_audit,False
A05,A05__secure_rag_mode__r002_hydra_serum__protected__turns5__iteration01,True,True,True,e6d1a41c058118d0530c269114bf135e2e1d7d42490e2576ade9d5ed50420623,e6d1a41c058118d0530c269114bf135e2e1d7d42490e2576ade9d5ed50420623,inferred-neutral,False,offline_record_audit,False
A05,A05__secure_rag_mode__r002_hydra_serum__protected__turns5__iteration02,True,True,True,e6d1a41c058118d0530c269114bf135e2e1d7d42490e2576ade9d5ed50420623,e6d1a41c058118d0530c269114bf135e2e1d7d42490e2576ade9d5ed50420623,inferred-neutral,False,offline_record_audit,False
A05,A05__secure_rag_mode__r002_hydra_serum__protected__turns5__iteration03,True,True,True,e6d1a41c058118d0530c269114bf135e2e1d7d42490e2576ade9d5ed50420623,e6d1a41c058118d0530c269114bf135e2e1d7d42490e2576ade9d5ed50420623,inferred-neutral,False,offline_record_audit,False
A05,A05__secure_rag_mode__r002_hydra_serum__protected__turns5__iteration04,True,True,True,e6d1a41c058118d0530c269114bf135e2e1d7d42490e2576ade9d5ed50420623,e6d1a41c058118d0530c269114bf135e2e1d7d42490e2576ade9d5ed50420623,inferred-neutral,False,offline_record_audit,False
A05,A05__secure_rag_mode__r002_hydra_serum__protected__turns5__iteration05,True,True,True,e6d1a41c058118d0530c269114bf135e2e1d7d42490e2576ade9d5ed50420623,e6d1a41c058118d0530c269114bf135e2e1d7d42490e2576ade9d5ed50420623,inferred-neutral,False,offline_record_audit,False
A05,A05__secure_rag_mode__r002_hydra_serum__public__turns1__iteration01,True,True,True,f089b322cd6fa6a6d105256dbb394fb498bcbb7b5ea04541f81bfc773fd45537,f089b322cd6fa6a6d105256dbb394fb498bcbb7b5ea04541f81bfc773fd45537,inferred-neutral,False,offline_record_audit,False
A05,A05__secure_rag_mode__r002_hydra_serum__public__turns1__iteration02,True,True,True,f089b322cd6fa6a6d105256dbb394fb498bcbb7b5ea04541f81bfc773fd45537,f089b322cd6fa6a6d105256dbb394fb498bcbb7b5ea04541f81bfc773fd45537,inferred-neutral,False,offline_record_audit,False
A05,A05__secure_rag_mode__r002_hydra_serum__public__turns1__iteration03,True,True,True,f089b322cd6fa6a6d105256dbb394fb498bcbb7b5ea04541f81bfc773fd45537,f089b322cd6fa6a6d105256dbb394fb498bcbb7b5ea04541f81bfc773fd45537,inferred-neutral,False,offline_record_audit,False
A05,A05__secure_rag_mode__r002_hydra_serum__public__turns1__iteration04,True,True,True,f089b322cd6fa6a6d105256dbb394fb498bcbb7b5ea04541f81bfc773fd45537,f089b322cd6fa6a6d105256dbb394fb498bcbb7b5ea04541f81bfc773fd45537,inferred-neutral,False,offline_record_audit,False
A05,A05__secure_rag_mode__r002_hydra_serum__public__turns1__iteration05,True,True,True,f089b322cd6fa6a6d105256dbb394fb498bcbb7b5ea04541f81bfc773fd45537,f089b322cd6fa6a6d105256dbb394fb498bcbb7b5ea04541f81bfc773fd45537,inferred-neutral,False,offline_record_audit,False
A05,A05__secure_rag_mode__r002_hydra_serum__public__turns3__iteration01,True,True,True,d3dbcf09fb54794a8cde10d1cf50f0591b83d59087ff0c00f4dfafeabdac76f0,d3dbcf09fb54794a8cde10d1cf50f0591b83d59087ff0c00f4dfafeabdac76f0,inferred-neutral,False,offline_record_audit,False
A05,A05__secure_rag_mode__r002_hydra_serum__public__turns3__iteration02,True,True,True,d3dbcf09fb54794a8cde10d1cf50f0591b83d59087ff0c00f4dfafeabdac76f0,d3dbcf09fb54794a8cde10d1cf50f0591b83d59087ff0c00f4dfafeabdac76f0,inferred-neutral,False,offline_record_audit,False
A05,A05__secure_rag_mode__r002_hydra_serum__public__turns3__iteration03,True,True,True,d3dbcf09fb54794a8cde10d1cf50f0591b83d59087ff0c00f4dfafeabdac76f0,d3dbcf09fb54794a8cde10d1cf50f0591b83d59087ff0c00f4dfafeabdac76f0,inferred-neutral,False,offline_record_audit,False
A05,A05__secure_rag_mode__r002_hydra_serum__public__turns3__iteration04,True,True,True,d3dbcf09fb54794a8cde10d1cf50f0591b83d59087ff0c00f4dfafeabdac76f0,d3dbcf09fb54794a8cde10d1cf50f0591b83d59087ff0c00f4dfafeabdac76f0,inferred-neutral,False,offline_record_audit,False
A05,A05__secure_rag_mode__r002_hydra_serum__public__turns3__iteration05,True,True,True,d3dbcf09fb54794a8cde10d1cf50f0591b83d59087ff0c00f4dfafeabdac76f0,d3dbcf09fb54794a8cde10d1cf50f0591b83d59087ff0c00f4dfafeabdac76f0,inferred-neutral,False,offline_record_audit,False
A05,A05__secure_rag_mode__r002_hydra_serum__public__turns5__iteration01,True,True,True,e6d1a41c058118d0530c269114bf135e2e1d7d42490e2576ade9d5ed50420623,e6d1a41c058118d0530c269114bf135e2e1d7d42490e2576ade9d5ed50420623,inferred-neutral,False,offline_record_audit,False
A05,A05__secure_rag_mode__r002_hydra_serum__public__turns5__iteration02,True,True,True,e6d1a41c058118d0530c269114bf135e2e1d7d42490e2576ade9d5ed50420623,e6d1a41c058118d0530c269114bf135e2e1d7d42490e2576ade9d5ed50420623,inferred-neutral,False,offline_record_audit,False
A05,A05__secure_rag_mode__r002_hydra_serum__public__turns5__iteration03,True,True,True,e6d1a41c058118d0530c269114bf135e2e1d7d42490e2576ade9d5ed50420623,e6d1a41c058118d0530c269114bf135e2e1d7d42490e2576ade9d5ed50420623,inferred-neutral,False,offline_record_audit,False
A05,A05__secure_rag_mode__r002_hydra_serum__public__turns5__iteration04,True,True,True,e6d1a41c058118d0530c269114bf135e2e1d7d42490e2576ade9d5ed50420623,e6d1a41c058118d0530c269114bf135e2e1d7d42490e2576ade9d5ed50420623,inferred-neutral,False,offline_record_audit,False
A05,A05__secure_rag_mode__r002_hydra_serum__public__turns5__iteration05,True,True,True,e6d1a41c058118d0530c269114bf135e2e1d7d42490e2576ade9d5ed50420623,e6d1a41c058118d0530c269114bf135e2e1d7d42490e2576ade9d5ed50420623,inferred-neutral,False,offline_record_audit,False
A05,A05__secure_rag_mode__r003_glow_elixir__internal__turns1__iteration01,True,True,True,6f66f6ca56ff0e42aa3d7d83a61891e845cb7e93dacfdf11ca40cd93d86f31e1,6f66f6ca56ff0e42aa3d7d83a61891e845cb7e93dacfdf11ca40cd93d86f31e1,inferred-neutral,False,offline_record_audit,False
A05,A05__secure_rag_mode__r003_glow_elixir__internal__turns1__iteration02,True,True,True,6f66f6ca56ff0e42aa3d7d83a61891e845cb7e93dacfdf11ca40cd93d86f31e1,6f66f6ca56ff0e42aa3d7d83a61891e845cb7e93dacfdf11ca40cd93d86f31e1,inferred-neutral,False,offline_record_audit,False
A05,A05__secure_rag_mode__r003_glow_elixir__internal__turns1__iteration03,True,True,True,6f66f6ca56ff0e42aa3d7d83a61891e845cb7e93dacfdf11ca40cd93d86f31e1,6f66f6ca56ff0e42aa3d7d83a61891e845cb7e93dacfdf11ca40cd93d86f31e1,inferred-neutral,False,offline_record_audit,False
A05,A05__secure_rag_mode__r003_glow_elixir__internal__turns1__iteration04,True,True,True,6f66f6ca56ff0e42aa3d7d83a61891e845cb7e93dacfdf11ca40cd93d86f31e1,6f66f6ca56ff0e42aa3d7d83a61891e845cb7e93dacfdf11ca40cd93d86f31e1,inferred-neutral,False,offline_record_audit,False
A05,A05__secure_rag_mode__r003_glow_elixir__internal__turns1__iteration05,True,True,True,6f66f6ca56ff0e42aa3d7d83a61891e845cb7e93dacfdf11ca40cd93d86f31e1,6f66f6ca56ff0e42aa3d7d83a61891e845cb7e93dacfdf11ca40cd93d86f31e1,inferred-neutral,False,offline_record_audit,False
A05,A05__secure_rag_mode__r003_glow_elixir__internal__turns3__iteration01,True,True,True,bd5687b39a59c34b5b0cd70ce200d1b4cfe9f0782df4ba7361d9c2737a066579,bd5687b39a59c34b5b0cd70ce200d1b4cfe9f0782df4ba7361d9c2737a066579,inferred-neutral,False,offline_record_audit,False
A05,A05__secure_rag_mode__r003_glow_elixir__internal__turns3__iteration02,True,True,True,bd5687b39a59c34b5b0cd70ce200d1b4cfe9f0782df4ba7361d9c2737a066579,bd5687b39a59c34b5b0cd70ce200d1b4cfe9f0782df4ba7361d9c2737a066579,inferred-neutral,False,offline_record_audit,False
A05,A05__secure_rag_mode__r003_glow_elixir__internal__turns3__iteration03,True,True,True,bd5687b39a59c34b5b0cd70ce200d1b4cfe9f0782df4ba7361d9c2737a066579,bd5687b39a59c34b5b0cd70ce200d1b4cfe9f0782df4ba7361d9c2737a066579,inferred-neutral,False,offline_record_audit,False
A05,A05__secure_rag_mode__r003_glow_elixir__internal__turns3__iteration04,True,True,True,bd5687b39a59c34b5b0cd70ce200d1b4cfe9f0782df4ba7361d9c2737a066579,bd5687b39a59c34b5b0cd70ce200d1b4cfe9f0782df4ba7361d9c2737a066579,inferred-neutral,False,offline_record_audit,False
A05,A05__secure_rag_mode__r003_glow_elixir__internal__turns3__iteration05,True,True,True,bd5687b39a59c34b5b0cd70ce200d1b4cfe9f0782df4ba7361d9c2737a066579,bd5687b39a59c34b5b0cd70ce200d1b4cfe9f0782df4ba7361d9c2737a066579,inferred-neutral,False,offline_record_audit,False
A05,A05__secure_rag_mode__r003_glow_elixir__internal__turns5__iteration01,True,True,True,2662e3faf272ea1cbdc759c0cfc498ad6ca1097c6a516a6de5ab5ad499b27734,2662e3faf272ea1cbdc759c0cfc498ad6ca1097c6a516a6de5ab5ad499b27734,inferred-neutral,False,offline_record_audit,False
A05,A05__secure_rag_mode__r003_glow_elixir__internal__turns5__iteration02,True,True,True,2662e3faf272ea1cbdc759c0cfc498ad6ca1097c6a516a6de5ab5ad499b27734,2662e3faf272ea1cbdc759c0cfc498ad6ca1097c6a516a6de5ab5ad499b27734,inferred-neutral,False,offline_record_audit,False
A05,A05__secure_rag_mode__r003_glow_elixir__internal__turns5__iteration03,True,True,True,2662e3faf272ea1cbdc759c0cfc498ad6ca1097c6a516a6de5ab5ad499b27734,2662e3faf272ea1cbdc759c0cfc498ad6ca1097c6a516a6de5ab5ad499b27734,inferred-neutral,False,offline_record_audit,False
A05,A05__secure_rag_mode__r003_glow_elixir__internal__turns5__iteration04,True,True,True,2662e3faf272ea1cbdc759c0cfc498ad6ca1097c6a516a6de5ab5ad499b27734,2662e3faf272ea1cbdc759c0cfc498ad6ca1097c6a516a6de5ab5ad499b27734,inferred-neutral,False,offline_record_audit,False
A05,A05__secure_rag_mode__r003_glow_elixir__internal__turns5__iteration05,True,True,True,2662e3faf272ea1cbdc759c0cfc498ad6ca1097c6a516a6de5ab5ad499b27734,2662e3faf272ea1cbdc759c0cfc498ad6ca1097c6a516a6de5ab5ad499b27734,inferred-neutral,False,offline_record_audit,False
A05,A05__secure_rag_mode__r003_glow_elixir__protected__turns1__iteration01,True,True,True,6f66f6ca56ff0e42aa3d7d83a61891e845cb7e93dacfdf11ca40cd93d86f31e1,6f66f6ca56ff0e42aa3d7d83a61891e845cb7e93dacfdf11ca40cd93d86f31e1,inferred-neutral,False,offline_record_audit,False
A05,A05__secure_rag_mode__r003_glow_elixir__protected__turns1__iteration02,True,True,True,6f66f6ca56ff0e42aa3d7d83a61891e845cb7e93dacfdf11ca40cd93d86f31e1,6f66f6ca56ff0e42aa3d7d83a61891e845cb7e93dacfdf11ca40cd93d86f31e1,inferred-neutral,False,offline_record_audit,False
A05,A05__secure_rag_mode__r003_glow_elixir__protected__turns1__iteration03,True,True,True,6f66f6ca56ff0e42aa3d7d83a61891e845cb7e93dacfdf11ca40cd93d86f31e1,6f66f6ca56ff0e42aa3d7d83a61891e845cb7e93dacfdf11ca40cd93d86f31e1,inferred-neutral,False,offline_record_audit,False
A05,A05__secure_rag_mode__r003_glow_elixir__protected__turns1__iteration04,True,True,True,6f66f6ca56ff0e42aa3d7d83a61891e845cb7e93dacfdf11ca40cd93d86f31e1,6f66f6ca56ff0e42aa3d7d83a61891e845cb7e93dacfdf11ca40cd93d86f31e1,inferred-neutral,False,offline_record_audit,False
A05,A05__secure_rag_mode__r003_glow_elixir__protected__turns1__iteration05,True,True,True,6f66f6ca56ff0e42aa3d7d83a61891e845cb7e93dacfdf11ca40cd93d86f31e1,6f66f6ca56ff0e42aa3d7d83a61891e845cb7e93dacfdf11ca40cd93d86f31e1,inferred-neutral,False,offline_record_audit,False
A05,A05__secure_rag_mode__r003_glow_elixir__protected__turns3__iteration01,True,True,True,bd5687b39a59c34b5b0cd70ce200d1b4cfe9f0782df4ba7361d9c2737a066579,bd5687b39a59c34b5b0cd70ce200d1b4cfe9f0782df4ba7361d9c2737a066579,inferred-neutral,False,offline_record_audit,False
A05,A05__secure_rag_mode__r003_glow_elixir__protected__turns3__iteration02,True,True,True,bd5687b39a59c34b5b0cd70ce200d1b4cfe9f0782df4ba7361d9c2737a066579,bd5687b39a59c34b5b0cd70ce200d1b4cfe9f0782df4ba7361d9c2737a066579,inferred-neutral,False,offline_record_audit,False
A05,A05__secure_rag_mode__r003_glow_elixir__protected__turns3__iteration03,True,True,True,bd5687b39a59c34b5b0cd70ce200d1b4cfe9f0782df4ba7361d9c2737a066579,bd5687b39a59c34b5b0cd70ce200d1b4cfe9f0782df4ba7361d9c2737a066579,inferred-neutral,False,offline_record_audit,False
A05,A05__secure_rag_mode__r003_glow_elixir__protected__turns3__iteration04,True,True,True,bd5687b39a59c34b5b0cd70ce200d1b4cfe9f0782df4ba7361d9c2737a066579,bd5687b39a59c34b5b0cd70ce200d1b4cfe9f0782df4ba7361d9c2737a066579,inferred-neutral,False,offline_record_audit,False
A05,A05__secure_rag_mode__r003_glow_elixir__protected__turns3__iteration05,True,True,True,bd5687b39a59c34b5b0cd70ce200d1b4cfe9f0782df4ba7361d9c2737a066579,bd5687b39a59c34b5b0cd70ce200d1b4cfe9f0782df4ba7361d9c2737a066579,inferred-neutral,False,offline_record_audit,False
A05,A05__secure_rag_mode__r003_glow_elixir__protected__turns5__iteration01,True,True,True,2662e3faf272ea1cbdc759c0cfc498ad6ca1097c6a516a6de5ab5ad499b27734,2662e3faf272ea1cbdc759c0cfc498ad6ca1097c6a516a6de5ab5ad499b27734,inferred-neutral,False,offline_record_audit,False
A05,A05__secure_rag_mode__r003_glow_elixir__protected__turns5__iteration02,True,True,True,2662e3faf272ea1cbdc759c0cfc498ad6ca1097c6a516a6de5ab5ad499b27734,2662e3faf272ea1cbdc759c0cfc498ad6ca1097c6a516a6de5ab5ad499b27734,inferred-neutral,False,offline_record_audit,False
A05,A05__secure_rag_mode__r003_glow_elixir__protected__turns5__iteration03,True,True,True,2662e3faf272ea1cbdc759c0cfc498ad6ca1097c6a516a6de5ab5ad499b27734,2662e3faf272ea1cbdc759c0cfc498ad6ca1097c6a516a6de5ab5ad499b27734,inferred-neutral,False,offline_record_audit,False
A05,A05__secure_rag_mode__r003_glow_elixir__protected__turns5__iteration04,True,True,True,2662e3faf272ea1cbdc759c0cfc498ad6ca1097c6a516a6de5ab5ad499b27734,2662e3faf272ea1cbdc759c0cfc498ad6ca1097c6a516a6de5ab5ad499b27734,inferred-neutral,False,offline_record_audit,False
A05,A05__secure_rag_mode__r003_glow_elixir__protected__turns5__iteration05,True,True,True,2662e3faf272ea1cbdc759c0cfc498ad6ca1097c6a516a6de5ab5ad499b27734,2662e3faf272ea1cbdc759c0cfc498ad6ca1097c6a516a6de5ab5ad499b27734,inferred-neutral,False,offline_record_audit,False
A05,A05__secure_rag_mode__r003_glow_elixir__public__turns1__iteration01,True,True,True,6f66f6ca56ff0e42aa3d7d83a61891e845cb7e93dacfdf11ca40cd93d86f31e1,6f66f6ca56ff0e42aa3d7d83a61891e845cb7e93dacfdf11ca40cd93d86f31e1,inferred-neutral,False,offline_record_audit,False
A05,A05__secure_rag_mode__r003_glow_elixir__public__turns1__iteration02,True,True,True,6f66f6ca56ff0e42aa3d7d83a61891e845cb7e93dacfdf11ca40cd93d86f31e1,6f66f6ca56ff0e42aa3d7d83a61891e845cb7e93dacfdf11ca40cd93d86f31e1,inferred-neutral,False,offline_record_audit,False
A05,A05__secure_rag_mode__r003_glow_elixir__public__turns1__iteration03,True,True,True,6f66f6ca56ff0e42aa3d7d83a61891e845cb7e93dacfdf11ca40cd93d86f31e1,6f66f6ca56ff0e42aa3d7d83a61891e845cb7e93dacfdf11ca40cd93d86f31e1,inferred-neutral,False,offline_record_audit,False
A05,A05__secure_rag_mode__r003_glow_elixir__public__turns1__iteration04,True,True,True,6f66f6ca56ff0e42aa3d7d83a61891e845cb7e93dacfdf11ca40cd93d86f31e1,6f66f6ca56ff0e42aa3d7d83a61891e845cb7e93dacfdf11ca40cd93d86f31e1,inferred-neutral,False,offline_record_audit,False
A05,A05__secure_rag_mode__r003_glow_elixir__public__turns1__iteration05,True,True,True,6f66f6ca56ff0e42aa3d7d83a61891e845cb7e93dacfdf11ca40cd93d86f31e1,6f66f6ca56ff0e42aa3d7d83a61891e845cb7e93dacfdf11ca40cd93d86f31e1,inferred-neutral,False,offline_record_audit,False
A05,A05__secure_rag_mode__r003_glow_elixir__public__turns3__iteration01,True,True,True,bd5687b39a59c34b5b0cd70ce200d1b4cfe9f0782df4ba7361d9c2737a066579,bd5687b39a59c34b5b0cd70ce200d1b4cfe9f0782df4ba7361d9c2737a066579,inferred-neutral,False,offline_record_audit,False
A05,A05__secure_rag_mode__r003_glow_elixir__public__turns3__iteration02,True,True,True,bd5687b39a59c34b5b0cd70ce200d1b4cfe9f0782df4ba7361d9c2737a066579,bd5687b39a59c34b5b0cd70ce200d1b4cfe9f0782df4ba7361d9c2737a066579,inferred-neutral,False,offline_record_audit,False
A05,A05__secure_rag_mode__r003_glow_elixir__public__turns3__iteration03,True,True,True,bd5687b39a59c34b5b0cd70ce200d1b4cfe9f0782df4ba7361d9c2737a066579,bd5687b39a59c34b5b0cd70ce200d1b4cfe9f0782df4ba7361d9c2737a066579,inferred-neutral,False,offline_record_audit,False
A05,A05__secure_rag_mode__r003_glow_elixir__public__turns3__iteration04,True,True,True,bd5687b39a59c34b5b0cd70ce200d1b4cfe9f0782df4ba7361d9c2737a066579,bd5687b39a59c34b5b0cd70ce200d1b4cfe9f0782df4ba7361d9c2737a066579,inferred-neutral,False,offline_record_audit,False
A05,A05__secure_rag_mode__r003_glow_elixir__public__turns3__iteration05,True,True,True,bd5687b39a59c34b5b0cd70ce200d1b4cfe9f0782df4ba7361d9c2737a066579,bd5687b39a59c34b5b0cd70ce200d1b4cfe9f0782df4ba7361d9c2737a066579,inferred-neutral,False,offline_record_audit,False
A05,A05__secure_rag_mode__r003_glow_elixir__public__turns5__iteration01,True,True,True,2662e3faf272ea1cbdc759c0cfc498ad6ca1097c6a516a6de5ab5ad499b27734,2662e3faf272ea1cbdc759c0cfc498ad6ca1097c6a516a6de5ab5ad499b27734,inferred-neutral,False,offline_record_audit,False
A05,A05__secure_rag_mode__r003_glow_elixir__public__turns5__iteration02,True,True,True,2662e3faf272ea1cbdc759c0cfc498ad6ca1097c6a516a6de5ab5ad499b27734,2662e3faf272ea1cbdc759c0cfc498ad6ca1097c6a516a6de5ab5ad499b27734,inferred-neutral,False,offline_record_audit,False
A05,A05__secure_rag_mode__r003_glow_elixir__public__turns5__iteration03,True,True,True,2662e3faf272ea1cbdc759c0cfc498ad6ca1097c6a516a6de5ab5ad499b27734,2662e3faf272ea1cbdc759c0cfc498ad6ca1097c6a516a6de5ab5ad499b27734,inferred-neutral,False,offline_record_audit,False
A05,A05__secure_rag_mode__r003_glow_elixir__public__turns5__iteration04,True,True,True,2662e3faf272ea1cbdc759c0cfc498ad6ca1097c6a516a6de5ab5ad499b27734,2662e3faf272ea1cbdc759c0cfc498ad6ca1097c6a516a6de5ab5ad499b27734,inferred-neutral,False,offline_record_audit,False
A05,A05__secure_rag_mode__r003_glow_elixir__public__turns5__iteration05,True,True,True,2662e3faf272ea1cbdc759c0cfc498ad6ca1097c6a516a6de5ab5ad499b27734,2662e3faf272ea1cbdc759c0cfc498ad6ca1097c6a516a6de5ab5ad499b27734,inferred-neutral,False,offline_record_audit,False
A05,A05__secure_rag_mode__r004_hydra_elixir__internal__turns1__iteration01,True,True,True,64602d030828f36de096a67572995ff309a0b58295f275cfffead9eb5f8ffa12,64602d030828f36de096a67572995ff309a0b58295f275cfffead9eb5f8ffa12,inferred-neutral,False,offline_record_audit,False
A05,A05__secure_rag_mode__r004_hydra_elixir__internal__turns1__iteration02,True,True,True,64602d030828f36de096a67572995ff309a0b58295f275cfffead9eb5f8ffa12,64602d030828f36de096a67572995ff309a0b58295f275cfffead9eb5f8ffa12,inferred-neutral,False,offline_record_audit,False
A05,A05__secure_rag_mode__r004_hydra_elixir__internal__turns1__iteration03,True,True,True,64602d030828f36de096a67572995ff309a0b58295f275cfffead9eb5f8ffa12,64602d030828f36de096a67572995ff309a0b58295f275cfffead9eb5f8ffa12,inferred-neutral,False,offline_record_audit,False
A05,A05__secure_rag_mode__r004_hydra_elixir__internal__turns1__iteration04,True,True,True,64602d030828f36de096a67572995ff309a0b58295f275cfffead9eb5f8ffa12,64602d030828f36de096a67572995ff309a0b58295f275cfffead9eb5f8ffa12,inferred-neutral,False,offline_record_audit,False
A05,A05__secure_rag_mode__r004_hydra_elixir__internal__turns1__iteration05,True,True,True,64602d030828f36de096a67572995ff309a0b58295f275cfffead9eb5f8ffa12,64602d030828f36de096a67572995ff309a0b58295f275cfffead9eb5f8ffa12,inferred-neutral,False,offline_record_audit,False
A05,A05__secure_rag_mode__r004_hydra_elixir__internal__turns3__iteration01,True,True,True,35b5c6bf289b0ed58c1b5ebbd738ada3e7f2c20c9c44647f0e17430c2eda2113,35b5c6bf289b0ed58c1b5ebbd738ada3e7f2c20c9c44647f0e17430c2eda2113,inferred-neutral,False,offline_record_audit,False
A05,A05__secure_rag_mode__r004_hydra_elixir__internal__turns3__iteration02,True,True,True,35b5c6bf289b0ed58c1b5ebbd738ada3e7f2c20c9c44647f0e17430c2eda2113,35b5c6bf289b0ed58c1b5ebbd738ada3e7f2c20c9c44647f0e17430c2eda2113,inferred-neutral,False,offline_record_audit,False
A05,A05__secure_rag_mode__r004_hydra_elixir__internal__turns3__iteration03,True,True,True,35b5c6bf289b0ed58c1b5ebbd738ada3e7f2c20c9c44647f0e17430c2eda2113,35b5c6bf289b0ed58c1b5ebbd738ada3e7f2c20c9c44647f0e17430c2eda2113,inferred-neutral,False,offline_record_audit,False
A05,A05__secure_rag_mode__r004_hydra_elixir__internal__turns3__iteration04,True,True,True,35b5c6bf289b0ed58c1b5ebbd738ada3e7f2c20c9c44647f0e17430c2eda2113,35b5c6bf289b0ed58c1b5ebbd738ada3e7f2c20c9c44647f0e17430c2eda2113,inferred-neutral,False,offline_record_audit,False
A05,A05__secure_rag_mode__r004_hydra_elixir__internal__turns3__iteration05,True,True,True,35b5c6bf289b0ed58c1b5ebbd738ada3e7f2c20c9c44647f0e17430c2eda2113,35b5c6bf289b0ed58c1b5ebbd738ada3e7f2c20c9c44647f0e17430c2eda2113,inferred-neutral,False,offline_record_audit,False
A05,A05__secure_rag_mode__r004_hydra_elixir__internal__turns5__iteration01,True,True,True,98bb06ca27dc6b23219cd2b7a44a76a7e66ef1143055e0d99711ac7ab5a6e7ba,98bb06ca27dc6b23219cd2b7a44a76a7e66ef1143055e0d99711ac7ab5a6e7ba,inferred-neutral,False,offline_record_audit,False
A05,A05__secure_rag_mode__r004_hydra_elixir__internal__turns5__iteration02,True,True,True,98bb06ca27dc6b23219cd2b7a44a76a7e66ef1143055e0d99711ac7ab5a6e7ba,98bb06ca27dc6b23219cd2b7a44a76a7e66ef1143055e0d99711ac7ab5a6e7ba,inferred-neutral,False,offline_record_audit,False
A05,A05__secure_rag_mode__r004_hydra_elixir__internal__turns5__iteration03,True,True,True,98bb06ca27dc6b23219cd2b7a44a76a7e66ef1143055e0d99711ac7ab5a6e7ba,98bb06ca27dc6b23219cd2b7a44a76a7e66ef1143055e0d99711ac7ab5a6e7ba,inferred-neutral,False,offline_record_audit,False
A05,A05__secure_rag_mode__r004_hydra_elixir__internal__turns5__iteration04,True,True,True,98bb06ca27dc6b23219cd2b7a44a76a7e66ef1143055e0d99711ac7ab5a6e7ba,98bb06ca27dc6b23219cd2b7a44a76a7e66ef1143055e0d99711ac7ab5a6e7ba,inferred-neutral,False,offline_record_audit,False
A05,A05__secure_rag_mode__r004_hydra_elixir__internal__turns5__iteration05,True,True,True,98bb06ca27dc6b23219cd2b7a44a76a7e66ef1143055e0d99711ac7ab5a6e7ba,98bb06ca27dc6b23219cd2b7a44a76a7e66ef1143055e0d99711ac7ab5a6e7ba,inferred-neutral,False,offline_record_audit,False
A05,A05__secure_rag_mode__r004_hydra_elixir__protected__turns1__iteration01,True,True,True,64602d030828f36de096a67572995ff309a0b58295f275cfffead9eb5f8ffa12,64602d030828f36de096a67572995ff309a0b58295f275cfffead9eb5f8ffa12,inferred-neutral,False,offline_record_audit,False
A05,A05__secure_rag_mode__r004_hydra_elixir__protected__turns1__iteration02,True,True,True,64602d030828f36de096a67572995ff309a0b58295f275cfffead9eb5f8ffa12,64602d030828f36de096a67572995ff309a0b58295f275cfffead9eb5f8ffa12,inferred-neutral,False,offline_record_audit,False
A05,A05__secure_rag_mode__r004_hydra_elixir__protected__turns1__iteration03,True,True,True,64602d030828f36de096a67572995ff309a0b58295f275cfffead9eb5f8ffa12,64602d030828f36de096a67572995ff309a0b58295f275cfffead9eb5f8ffa12,inferred-neutral,False,offline_record_audit,False
A05,A05__secure_rag_mode__r004_hydra_elixir__protected__turns1__iteration04,True,True,True,64602d030828f36de096a67572995ff309a0b58295f275cfffead9eb5f8ffa12,64602d030828f36de096a67572995ff309a0b58295f275cfffead9eb5f8ffa12,inferred-neutral,False,offline_record_audit,False
A05,A05__secure_rag_mode__r004_hydra_elixir__protected__turns1__iteration05,True,True,True,64602d030828f36de096a67572995ff309a0b58295f275cfffead9eb5f8ffa12,64602d030828f36de096a67572995ff309a0b58295f275cfffead9eb5f8ffa12,inferred-neutral,False,offline_record_audit,False
A05,A05__secure_rag_mode__r004_hydra_elixir__protected__turns3__iteration01,True,True,True,35b5c6bf289b0ed58c1b5ebbd738ada3e7f2c20c9c44647f0e17430c2eda2113,35b5c6bf289b0ed58c1b5ebbd738ada3e7f2c20c9c44647f0e17430c2eda2113,inferred-neutral,False,offline_record_audit,False
A05,A05__secure_rag_mode__r004_hydra_elixir__protected__turns3__iteration02,True,True,True,35b5c6bf289b0ed58c1b5ebbd738ada3e7f2c20c9c44647f0e17430c2eda2113,35b5c6bf289b0ed58c1b5ebbd738ada3e7f2c20c9c44647f0e17430c2eda2113,inferred-neutral,False,offline_record_audit,False
A05,A05__secure_rag_mode__r004_hydra_elixir__protected__turns3__iteration03,True,True,True,35b5c6bf289b0ed58c1b5ebbd738ada3e7f2c20c9c44647f0e17430c2eda2113,35b5c6bf289b0ed58c1b5ebbd738ada3e7f2c20c9c44647f0e17430c2eda2113,inferred-neutral,False,offline_record_audit,False
A05,A05__secure_rag_mode__r004_hydra_elixir__protected__turns3__iteration04,True,True,True,35b5c6bf289b0ed58c1b5ebbd738ada3e7f2c20c9c44647f0e17430c2eda2113,35b5c6bf289b0ed58c1b5ebbd738ada3e7f2c20c9c44647f0e17430c2eda2113,inferred-neutral,False,offline_record_audit,False
A05,A05__secure_rag_mode__r004_hydra_elixir__protected__turns3__iteration05,True,True,True,35b5c6bf289b0ed58c1b5ebbd738ada3e7f2c20c9c44647f0e17430c2eda2113,35b5c6bf289b0ed58c1b5ebbd738ada3e7f2c20c9c44647f0e17430c2eda2113,inferred-neutral,False,offline_record_audit,False
A05,A05__secure_rag_mode__r004_hydra_elixir__protected__turns5__iteration01,True,True,True,98bb06ca27dc6b23219cd2b7a44a76a7e66ef1143055e0d99711ac7ab5a6e7ba,98bb06ca27dc6b23219cd2b7a44a76a7e66ef1143055e0d99711ac7ab5a6e7ba,inferred-neutral,False,offline_record_audit,False
A05,A05__secure_rag_mode__r004_hydra_elixir__protected__turns5__iteration02,True,True,True,98bb06ca27dc6b23219cd2b7a44a76a7e66ef1143055e0d99711ac7ab5a6e7ba,98bb06ca27dc6b23219cd2b7a44a76a7e66ef1143055e0d99711ac7ab5a6e7ba,inferred-neutral,False,offline_record_audit,False
A05,A05__secure_rag_mode__r004_hydra_elixir__protected__turns5__iteration03,True,True,True,98bb06ca27dc6b23219cd2b7a44a76a7e66ef1143055e0d99711ac7ab5a6e7ba,98bb06ca27dc6b23219cd2b7a44a76a7e66ef1143055e0d99711ac7ab5a6e7ba,inferred-neutral,False,offline_record_audit,False
A05,A05__secure_rag_mode__r004_hydra_elixir__protected__turns5__iteration04,True,True,True,98bb06ca27dc6b23219cd2b7a44a76a7e66ef1143055e0d99711ac7ab5a6e7ba,98bb06ca27dc6b23219cd2b7a44a76a7e66ef1143055e0d99711ac7ab5a6e7ba,inferred-neutral,False,offline_record_audit,False
A05,A05__secure_rag_mode__r004_hydra_elixir__protected__turns5__iteration05,True,True,True,98bb06ca27dc6b23219cd2b7a44a76a7e66ef1143055e0d99711ac7ab5a6e7ba,98bb06ca27dc6b23219cd2b7a44a76a7e66ef1143055e0d99711ac7ab5a6e7ba,inferred-neutral,False,offline_record_audit,False
A05,A05__secure_rag_mode__r004_hydra_elixir__public__turns1__iteration01,True,True,True,64602d030828f36de096a67572995ff309a0b58295f275cfffead9eb5f8ffa12,64602d030828f36de096a67572995ff309a0b58295f275cfffead9eb5f8ffa12,inferred-neutral,False,offline_record_audit,False
A05,A05__secure_rag_mode__r004_hydra_elixir__public__turns1__iteration02,True,True,True,64602d030828f36de096a67572995ff309a0b58295f275cfffead9eb5f8ffa12,64602d030828f36de096a67572995ff309a0b58295f275cfffead9eb5f8ffa12,inferred-neutral,False,offline_record_audit,False
A05,A05__secure_rag_mode__r004_hydra_elixir__public__turns1__iteration03,True,True,True,64602d030828f36de096a67572995ff309a0b58295f275cfffead9eb5f8ffa12,64602d030828f36de096a67572995ff309a0b58295f275cfffead9eb5f8ffa12,inferred-neutral,False,offline_record_audit,False
A05,A05__secure_rag_mode__r004_hydra_elixir__public__turns1__iteration04,True,True,True,64602d030828f36de096a67572995ff309a0b58295f275cfffead9eb5f8ffa12,64602d030828f36de096a67572995ff309a0b58295f275cfffead9eb5f8ffa12,inferred-neutral,False,offline_record_audit,False
A05,A05__secure_rag_mode__r004_hydra_elixir__public__turns1__iteration05,True,True,True,64602d030828f36de096a67572995ff309a0b58295f275cfffead9eb5f8ffa12,64602d030828f36de096a67572995ff309a0b58295f275cfffead9eb5f8ffa12,inferred-neutral,False,offline_record_audit,False
A05,A05__secure_rag_mode__r004_hydra_elixir__public__turns3__iteration01,True,True,True,35b5c6bf289b0ed58c1b5ebbd738ada3e7f2c20c9c44647f0e17430c2eda2113,35b5c6bf289b0ed58c1b5ebbd738ada3e7f2c20c9c44647f0e17430c2eda2113,inferred-neutral,False,offline_record_audit,False
A05,A05__secure_rag_mode__r004_hydra_elixir__public__turns3__iteration02,True,True,True,35b5c6bf289b0ed58c1b5ebbd738ada3e7f2c20c9c44647f0e17430c2eda2113,35b5c6bf289b0ed58c1b5ebbd738ada3e7f2c20c9c44647f0e17430c2eda2113,inferred-neutral,False,offline_record_audit,False
A05,A05__secure_rag_mode__r004_hydra_elixir__public__turns3__iteration03,True,True,True,35b5c6bf289b0ed58c1b5ebbd738ada3e7f2c20c9c44647f0e17430c2eda2113,35b5c6bf289b0ed58c1b5ebbd738ada3e7f2c20c9c44647f0e17430c2eda2113,inferred-neutral,False,offline_record_audit,False
A05,A05__secure_rag_mode__r004_hydra_elixir__public__turns3__iteration04,True,True,True,35b5c6bf289b0ed58c1b5ebbd738ada3e7f2c20c9c44647f0e17430c2eda2113,35b5c6bf289b0ed58c1b5ebbd738ada3e7f2c20c9c44647f0e17430c2eda2113,inferred-neutral,False,offline_record_audit,False
A05,A05__secure_rag_mode__r004_hydra_elixir__public__turns3__iteration05,True,True,True,35b5c6bf289b0ed58c1b5ebbd738ada3e7f2c20c9c44647f0e17430c2eda2113,35b5c6bf289b0ed58c1b5ebbd738ada3e7f2c20c9c44647f0e17430c2eda2113,inferred-neutral,False,offline_record_audit,False
A05,A05__secure_rag_mode__r004_hydra_elixir__public__turns5__iteration01,True,True,True,98bb06ca27dc6b23219cd2b7a44a76a7e66ef1143055e0d99711ac7ab5a6e7ba,98bb06ca27dc6b23219cd2b7a44a76a7e66ef1143055e0d99711ac7ab5a6e7ba,inferred-neutral,False,offline_record_audit,False
A05,A05__secure_rag_mode__r004_hydra_elixir__public__turns5__iteration02,True,True,True,98bb06ca27dc6b23219cd2b7a44a76a7e66ef1143055e0d99711ac7ab5a6e7ba,98bb06ca27dc6b23219cd2b7a44a76a7e66ef1143055e0d99711ac7ab5a6e7ba,inferred-neutral,False,offline_record_audit,False
A05,A05__secure_rag_mode__r004_hydra_elixir__public__turns5__iteration03,True,True,True,98bb06ca27dc6b23219cd2b7a44a76a7e66ef1143055e0d99711ac7ab5a6e7ba,98bb06ca27dc6b23219cd2b7a44a76a7e66ef1143055e0d99711ac7ab5a6e7ba,inferred-neutral,False,offline_record_audit,False
A05,A05__secure_rag_mode__r004_hydra_elixir__public__turns5__iteration04,True,True,True,98bb06ca27dc6b23219cd2b7a44a76a7e66ef1143055e0d99711ac7ab5a6e7ba,98bb06ca27dc6b23219cd2b7a44a76a7e66ef1143055e0d99711ac7ab5a6e7ba,inferred-neutral,False,offline_record_audit,False
A05,A05__secure_rag_mode__r004_hydra_elixir__public__turns5__iteration05,True,True,True,98bb06ca27dc6b23219cd2b7a44a76a7e66ef1143055e0d99711ac7ab5a6e7ba,98bb06ca27dc6b23219cd2b7a44a76a7e66ef1143055e0d99711ac7ab5a6e7ba,inferred-neutral,False,offline_record_audit,False
A05,A05__secure_rag_mode__r005_calm_elixir__internal__turns1__iteration01,True,True,True,d0b7e2d47aa7f5a133d8219740da730461f06be32c359cf7ad50d50823a9de5c,d0b7e2d47aa7f5a133d8219740da730461f06be32c359cf7ad50d50823a9de5c,inferred-neutral,False,offline_record_audit,False
A05,A05__secure_rag_mode__r005_calm_elixir__internal__turns1__iteration02,True,True,True,d0b7e2d47aa7f5a133d8219740da730461f06be32c359cf7ad50d50823a9de5c,d0b7e2d47aa7f5a133d8219740da730461f06be32c359cf7ad50d50823a9de5c,inferred-neutral,False,offline_record_audit,False
A05,A05__secure_rag_mode__r005_calm_elixir__internal__turns1__iteration03,True,True,True,d0b7e2d47aa7f5a133d8219740da730461f06be32c359cf7ad50d50823a9de5c,d0b7e2d47aa7f5a133d8219740da730461f06be32c359cf7ad50d50823a9de5c,inferred-neutral,False,offline_record_audit,False
A05,A05__secure_rag_mode__r005_calm_elixir__internal__turns1__iteration04,True,True,True,d0b7e2d47aa7f5a133d8219740da730461f06be32c359cf7ad50d50823a9de5c,d0b7e2d47aa7f5a133d8219740da730461f06be32c359cf7ad50d50823a9de5c,inferred-neutral,False,offline_record_audit,False
A05,A05__secure_rag_mode__r005_calm_elixir__internal__turns1__iteration05,True,True,True,d0b7e2d47aa7f5a133d8219740da730461f06be32c359cf7ad50d50823a9de5c,d0b7e2d47aa7f5a133d8219740da730461f06be32c359cf7ad50d50823a9de5c,inferred-neutral,False,offline_record_audit,False
A05,A05__secure_rag_mode__r005_calm_elixir__internal__turns3__iteration01,True,True,True,bbe9ab17ad83533facbd6e0600819bcf983b08c1f63f0555680c873d7332219a,bbe9ab17ad83533facbd6e0600819bcf983b08c1f63f0555680c873d7332219a,inferred-neutral,False,offline_record_audit,False
A05,A05__secure_rag_mode__r005_calm_elixir__internal__turns3__iteration02,True,True,True,bbe9ab17ad83533facbd6e0600819bcf983b08c1f63f0555680c873d7332219a,bbe9ab17ad83533facbd6e0600819bcf983b08c1f63f0555680c873d7332219a,inferred-neutral,False,offline_record_audit,False
A05,A05__secure_rag_mode__r005_calm_elixir__internal__turns3__iteration03,True,True,True,bbe9ab17ad83533facbd6e0600819bcf983b08c1f63f0555680c873d7332219a,bbe9ab17ad83533facbd6e0600819bcf983b08c1f63f0555680c873d7332219a,inferred-neutral,False,offline_record_audit,False
A05,A05__secure_rag_mode__r005_calm_elixir__internal__turns3__iteration04,True,True,True,bbe9ab17ad83533facbd6e0600819bcf983b08c1f63f0555680c873d7332219a,bbe9ab17ad83533facbd6e0600819bcf983b08c1f63f0555680c873d7332219a,inferred-neutral,False,offline_record_audit,False
A05,A05__secure_rag_mode__r005_calm_elixir__internal__turns3__iteration05,True,True,True,bbe9ab17ad83533facbd6e0600819bcf983b08c1f63f0555680c873d7332219a,bbe9ab17ad83533facbd6e0600819bcf983b08c1f63f0555680c873d7332219a,inferred-neutral,False,offline_record_audit,False
A05,A05__secure_rag_mode__r005_calm_elixir__internal__turns5__iteration01,True,True,True,ba37b47bfe87f281361bbe44e2babb065d93ad1ea9222f87fc49984ac332820f,ba37b47bfe87f281361bbe44e2babb065d93ad1ea9222f87fc49984ac332820f,inferred-neutral,False,offline_record_audit,False
A05,A05__secure_rag_mode__r005_calm_elixir__internal__turns5__iteration02,True,True,True,ba37b47bfe87f281361bbe44e2babb065d93ad1ea9222f87fc49984ac332820f,ba37b47bfe87f281361bbe44e2babb065d93ad1ea9222f87fc49984ac332820f,inferred-neutral,False,offline_record_audit,False
A05,A05__secure_rag_mode__r005_calm_elixir__internal__turns5__iteration03,True,True,True,ba37b47bfe87f281361bbe44e2babb065d93ad1ea9222f87fc49984ac332820f,ba37b47bfe87f281361bbe44e2babb065d93ad1ea9222f87fc49984ac332820f,inferred-neutral,False,offline_record_audit,False
A05,A05__secure_rag_mode__r005_calm_elixir__internal__turns5__iteration04,True,True,True,ba37b47bfe87f281361bbe44e2babb065d93ad1ea9222f87fc49984ac332820f,ba37b47bfe87f281361bbe44e2babb065d93ad1ea9222f87fc49984ac332820f,inferred-neutral,False,offline_record_audit,False
A05,A05__secure_rag_mode__r005_calm_elixir__internal__turns5__iteration05,True,True,True,ba37b47bfe87f281361bbe44e2babb065d93ad1ea9222f87fc49984ac332820f,ba37b47bfe87f281361bbe44e2babb065d93ad1ea9222f87fc49984ac332820f,inferred-neutral,False,offline_record_audit,False
A05,A05__secure_rag_mode__r005_calm_elixir__protected__turns1__iteration01,True,True,True,d0b7e2d47aa7f5a133d8219740da730461f06be32c359cf7ad50d50823a9de5c,d0b7e2d47aa7f5a133d8219740da730461f06be32c359cf7ad50d50823a9de5c,inferred-neutral,False,offline_record_audit,False
A05,A05__secure_rag_mode__r005_calm_elixir__protected__turns1__iteration02,True,True,True,d0b7e2d47aa7f5a133d8219740da730461f06be32c359cf7ad50d50823a9de5c,d0b7e2d47aa7f5a133d8219740da730461f06be32c359cf7ad50d50823a9de5c,inferred-neutral,False,offline_record_audit,False
A05,A05__secure_rag_mode__r005_calm_elixir__protected__turns1__iteration03,True,True,True,d0b7e2d47aa7f5a133d8219740da730461f06be32c359cf7ad50d50823a9de5c,d0b7e2d47aa7f5a133d8219740da730461f06be32c359cf7ad50d50823a9de5c,inferred-neutral,False,offline_record_audit,False
A05,A05__secure_rag_mode__r005_calm_elixir__protected__turns1__iteration04,True,True,True,d0b7e2d47aa7f5a133d8219740da730461f06be32c359cf7ad50d50823a9de5c,d0b7e2d47aa7f5a133d8219740da730461f06be32c359cf7ad50d50823a9de5c,inferred-neutral,False,offline_record_audit,False
A05,A05__secure_rag_mode__r005_calm_elixir__protected__turns1__iteration05,True,True,True,d0b7e2d47aa7f5a133d8219740da730461f06be32c359cf7ad50d50823a9de5c,d0b7e2d47aa7f5a133d8219740da730461f06be32c359cf7ad50d50823a9de5c,inferred-neutral,False,offline_record_audit,False
A05,A05__secure_rag_mode__r005_calm_elixir__protected__turns3__iteration01,True,True,True,bbe9ab17ad83533facbd6e0600819bcf983b08c1f63f0555680c873d7332219a,bbe9ab17ad83533facbd6e0600819bcf983b08c1f63f0555680c873d7332219a,inferred-neutral,False,offline_record_audit,False
A05,A05__secure_rag_mode__r005_calm_elixir__protected__turns3__iteration02,True,True,True,bbe9ab17ad83533facbd6e0600819bcf983b08c1f63f0555680c873d7332219a,bbe9ab17ad83533facbd6e0600819bcf983b08c1f63f0555680c873d7332219a,inferred-neutral,False,offline_record_audit,False
A05,A05__secure_rag_mode__r005_calm_elixir__protected__turns3__iteration03,True,True,True,bbe9ab17ad83533facbd6e0600819bcf983b08c1f63f0555680c873d7332219a,bbe9ab17ad83533facbd6e0600819bcf983b08c1f63f0555680c873d7332219a,inferred-neutral,False,offline_record_audit,False
A05,A05__secure_rag_mode__r005_calm_elixir__protected__turns3__iteration04,True,True,True,bbe9ab17ad83533facbd6e0600819bcf983b08c1f63f0555680c873d7332219a,bbe9ab17ad83533facbd6e0600819bcf983b08c1f63f0555680c873d7332219a,inferred-neutral,False,offline_record_audit,False
A05,A05__secure_rag_mode__r005_calm_elixir__protected__turns3__iteration05,True,True,True,bbe9ab17ad83533facbd6e0600819bcf983b08c1f63f0555680c873d7332219a,bbe9ab17ad83533facbd6e0600819bcf983b08c1f63f0555680c873d7332219a,inferred-neutral,False,offline_record_audit,False
A05,A05__secure_rag_mode__r005_calm_elixir__protected__turns5__iteration01,True,True,True,ba37b47bfe87f281361bbe44e2babb065d93ad1ea9222f87fc49984ac332820f,ba37b47bfe87f281361bbe44e2babb065d93ad1ea9222f87fc49984ac332820f,inferred-neutral,False,offline_record_audit,False
A05,A05__secure_rag_mode__r005_calm_elixir__protected__turns5__iteration02,True,True,True,ba37b47bfe87f281361bbe44e2babb065d93ad1ea9222f87fc49984ac332820f,ba37b47bfe87f281361bbe44e2babb065d93ad1ea9222f87fc49984ac332820f,inferred-neutral,False,offline_record_audit,False
A05,A05__secure_rag_mode__r005_calm_elixir__protected__turns5__iteration03,True,True,True,ba37b47bfe87f281361bbe44e2babb065d93ad1ea9222f87fc49984ac332820f,ba37b47bfe87f281361bbe44e2babb065d93ad1ea9222f87fc49984ac332820f,inferred-neutral,False,offline_record_audit,False
A05,A05__secure_rag_mode__r005_calm_elixir__protected__turns5__iteration04,True,True,True,ba37b47bfe87f281361bbe44e2babb065d93ad1ea9222f87fc49984ac332820f,ba37b47bfe87f281361bbe44e2babb065d93ad1ea9222f87fc49984ac332820f,inferred-neutral,False,offline_record_audit,False
A05,A05__secure_rag_mode__r005_calm_elixir__protected__turns5__iteration05,True,True,True,ba37b47bfe87f281361bbe44e2babb065d93ad1ea9222f87fc49984ac332820f,ba37b47bfe87f281361bbe44e2babb065d93ad1ea9222f87fc49984ac332820f,inferred-neutral,False,offline_record_audit,False
A05,A05__secure_rag_mode__r005_calm_elixir__public__turns1__iteration01,True,True,True,d0b7e2d47aa7f5a133d8219740da730461f06be32c359cf7ad50d50823a9de5c,d0b7e2d47aa7f5a133d8219740da730461f06be32c359cf7ad50d50823a9de5c,inferred-neutral,False,offline_record_audit,False
A05,A05__secure_rag_mode__r005_calm_elixir__public__turns1__iteration02,True,True,True,d0b7e2d47aa7f5a133d8219740da730461f06be32c359cf7ad50d50823a9de5c,d0b7e2d47aa7f5a133d8219740da730461f06be32c359cf7ad50d50823a9de5c,inferred-neutral,False,offline_record_audit,False
A05,A05__secure_rag_mode__r005_calm_elixir__public__turns1__iteration03,True,True,True,d0b7e2d47aa7f5a133d8219740da730461f06be32c359cf7ad50d50823a9de5c,d0b7e2d47aa7f5a133d8219740da730461f06be32c359cf7ad50d50823a9de5c,inferred-neutral,False,offline_record_audit,False
A05,A05__secure_rag_mode__r005_calm_elixir__public__turns1__iteration04,True,True,True,d0b7e2d47aa7f5a133d8219740da730461f06be32c359cf7ad50d50823a9de5c,d0b7e2d47aa7f5a133d8219740da730461f06be32c359cf7ad50d50823a9de5c,inferred-neutral,False,offline_record_audit,False
A05,A05__secure_rag_mode__r005_calm_elixir__public__turns1__iteration05,True,True,True,d0b7e2d47aa7f5a133d8219740da730461f06be32c359cf7ad50d50823a9de5c,d0b7e2d47aa7f5a133d8219740da730461f06be32c359cf7ad50d50823a9de5c,inferred-neutral,False,offline_record_audit,False
A05,A05__secure_rag_mode__r005_calm_elixir__public__turns3__iteration01,True,True,True,bbe9ab17ad83533facbd6e0600819bcf983b08c1f63f0555680c873d7332219a,bbe9ab17ad83533facbd6e0600819bcf983b08c1f63f0555680c873d7332219a,inferred-neutral,False,offline_record_audit,False
A05,A05__secure_rag_mode__r005_calm_elixir__public__turns3__iteration02,True,True,True,bbe9ab17ad83533facbd6e0600819bcf983b08c1f63f0555680c873d7332219a,bbe9ab17ad83533facbd6e0600819bcf983b08c1f63f0555680c873d7332219a,inferred-neutral,False,offline_record_audit,False
A05,A05__secure_rag_mode__r005_calm_elixir__public__turns3__iteration03,True,True,True,bbe9ab17ad83533facbd6e0600819bcf983b08c1f63f0555680c873d7332219a,bbe9ab17ad83533facbd6e0600819bcf983b08c1f63f0555680c873d7332219a,inferred-neutral,False,offline_record_audit,False
A05,A05__secure_rag_mode__r005_calm_elixir__public__turns3__iteration04,True,True,True,bbe9ab17ad83533facbd6e0600819bcf983b08c1f63f0555680c873d7332219a,bbe9ab17ad83533facbd6e0600819bcf983b08c1f63f0555680c873d7332219a,inferred-neutral,False,offline_record_audit,False
A05,A05__secure_rag_mode__r005_calm_elixir__public__turns3__iteration05,True,True,True,bbe9ab17ad83533facbd6e0600819bcf983b08c1f63f0555680c873d7332219a,bbe9ab17ad83533facbd6e0600819bcf983b08c1f63f0555680c873d7332219a,inferred-neutral,False,offline_record_audit,False
A05,A05__secure_rag_mode__r005_calm_elixir__public__turns5__iteration01,True,True,True,ba37b47bfe87f281361bbe44e2babb065d93ad1ea9222f87fc49984ac332820f,ba37b47bfe87f281361bbe44e2babb065d93ad1ea9222f87fc49984ac332820f,inferred-neutral,False,offline_record_audit,False
A05,A05__secure_rag_mode__r005_calm_elixir__public__turns5__iteration02,True,True,True,ba37b47bfe87f281361bbe44e2babb065d93ad1ea9222f87fc49984ac332820f,ba37b47bfe87f281361bbe44e2babb065d93ad1ea9222f87fc49984ac332820f,inferred-neutral,False,offline_record_audit,False
A05,A05__secure_rag_mode__r005_calm_elixir__public__turns5__iteration03,True,True,True,ba37b47bfe87f281361bbe44e2babb065d93ad1ea9222f87fc49984ac332820f,ba37b47bfe87f281361bbe44e2babb065d93ad1ea9222f87fc49984ac332820f,inferred-neutral,False,offline_record_audit,False
A05,A05__secure_rag_mode__r005_calm_elixir__public__turns5__iteration04,True,True,True,ba37b47bfe87f281361bbe44e2babb065d93ad1ea9222f87fc49984ac332820f,ba37b47bfe87f281361bbe44e2babb065d93ad1ea9222f87fc49984ac332820f,inferred-neutral,False,offline_record_audit,False
A05,A05__secure_rag_mode__r005_calm_elixir__public__turns5__iteration05,True,True,True,ba37b47bfe87f281361bbe44e2babb065d93ad1ea9222f87fc49984ac332820f,ba37b47bfe87f281361bbe44e2babb065d93ad1ea9222f87fc49984ac332820f,inferred-neutral,False,offline_record_audit,False
A05,A05__sensitivity_eval_mode__r001_pure_cream__internal__turns1__iteration01,True,True,True,f33d1472a78706c24c7a7716216fef9487f8dbf3d724d3c6c6d44d8a35958d66,f33d1472a78706c24c7a7716216fef9487f8dbf3d724d3c6c6d44d8a35958d66,inferred-neutral,False,offline_record_audit,False
A05,A05__sensitivity_eval_mode__r001_pure_cream__internal__turns1__iteration02,True,True,True,f33d1472a78706c24c7a7716216fef9487f8dbf3d724d3c6c6d44d8a35958d66,f33d1472a78706c24c7a7716216fef9487f8dbf3d724d3c6c6d44d8a35958d66,inferred-neutral,False,offline_record_audit,False
A05,A05__sensitivity_eval_mode__r001_pure_cream__internal__turns1__iteration03,True,True,True,f33d1472a78706c24c7a7716216fef9487f8dbf3d724d3c6c6d44d8a35958d66,f33d1472a78706c24c7a7716216fef9487f8dbf3d724d3c6c6d44d8a35958d66,inferred-neutral,False,offline_record_audit,False
A05,A05__sensitivity_eval_mode__r001_pure_cream__internal__turns1__iteration04,True,True,True,f33d1472a78706c24c7a7716216fef9487f8dbf3d724d3c6c6d44d8a35958d66,f33d1472a78706c24c7a7716216fef9487f8dbf3d724d3c6c6d44d8a35958d66,inferred-neutral,False,offline_record_audit,False
A05,A05__sensitivity_eval_mode__r001_pure_cream__internal__turns1__iteration05,True,True,True,f33d1472a78706c24c7a7716216fef9487f8dbf3d724d3c6c6d44d8a35958d66,f33d1472a78706c24c7a7716216fef9487f8dbf3d724d3c6c6d44d8a35958d66,inferred-neutral,False,offline_record_audit,False
A05,A05__sensitivity_eval_mode__r001_pure_cream__internal__turns3__iteration01,True,True,True,1ea0cb5253e3a15fdf27fbf9789e2050e6b26f16284be8edf6e7639468cee200,1ea0cb5253e3a15fdf27fbf9789e2050e6b26f16284be8edf6e7639468cee200,inferred-neutral,False,offline_record_audit,False
A05,A05__sensitivity_eval_mode__r001_pure_cream__internal__turns3__iteration02,True,True,True,1ea0cb5253e3a15fdf27fbf9789e2050e6b26f16284be8edf6e7639468cee200,1ea0cb5253e3a15fdf27fbf9789e2050e6b26f16284be8edf6e7639468cee200,inferred-neutral,False,offline_record_audit,False
A05,A05__sensitivity_eval_mode__r001_pure_cream__internal__turns3__iteration03,True,True,True,1ea0cb5253e3a15fdf27fbf9789e2050e6b26f16284be8edf6e7639468cee200,1ea0cb5253e3a15fdf27fbf9789e2050e6b26f16284be8edf6e7639468cee200,inferred-neutral,False,offline_record_audit,False
A05,A05__sensitivity_eval_mode__r001_pure_cream__internal__turns3__iteration04,True,True,True,1ea0cb5253e3a15fdf27fbf9789e2050e6b26f16284be8edf6e7639468cee200,1ea0cb5253e3a15fdf27fbf9789e2050e6b26f16284be8edf6e7639468cee200,inferred-neutral,False,offline_record_audit,False
A05,A05__sensitivity_eval_mode__r001_pure_cream__internal__turns3__iteration05,True,True,True,1ea0cb5253e3a15fdf27fbf9789e2050e6b26f16284be8edf6e7639468cee200,1ea0cb5253e3a15fdf27fbf9789e2050e6b26f16284be8edf6e7639468cee200,inferred-neutral,False,offline_record_audit,False
A05,A05__sensitivity_eval_mode__r001_pure_cream__internal__turns5__iteration01,True,True,True,8db73a080bdf9b360f47f51c296565a511fad348338d0995e3383b454c25beef,8db73a080bdf9b360f47f51c296565a511fad348338d0995e3383b454c25beef,inferred-neutral,False,offline_record_audit,False
A05,A05__sensitivity_eval_mode__r001_pure_cream__internal__turns5__iteration02,True,True,True,8db73a080bdf9b360f47f51c296565a511fad348338d0995e3383b454c25beef,8db73a080bdf9b360f47f51c296565a511fad348338d0995e3383b454c25beef,inferred-neutral,False,offline_record_audit,False
A05,A05__sensitivity_eval_mode__r001_pure_cream__internal__turns5__iteration03,True,True,True,8db73a080bdf9b360f47f51c296565a511fad348338d0995e3383b454c25beef,8db73a080bdf9b360f47f51c296565a511fad348338d0995e3383b454c25beef,inferred-neutral,False,offline_record_audit,False
A05,A05__sensitivity_eval_mode__r001_pure_cream__internal__turns5__iteration04,True,True,True,8db73a080bdf9b360f47f51c296565a511fad348338d0995e3383b454c25beef,8db73a080bdf9b360f47f51c296565a511fad348338d0995e3383b454c25beef,inferred-neutral,False,offline_record_audit,False
A05,A05__sensitivity_eval_mode__r001_pure_cream__internal__turns5__iteration05,True,True,True,8db73a080bdf9b360f47f51c296565a511fad348338d0995e3383b454c25beef,8db73a080bdf9b360f47f51c296565a511fad348338d0995e3383b454c25beef,inferred-neutral,False,offline_record_audit,False
A05,A05__sensitivity_eval_mode__r001_pure_cream__protected__turns1__iteration01,True,True,True,f33d1472a78706c24c7a7716216fef9487f8dbf3d724d3c6c6d44d8a35958d66,f33d1472a78706c24c7a7716216fef9487f8dbf3d724d3c6c6d44d8a35958d66,inferred-neutral,False,offline_record_audit,False
A05,A05__sensitivity_eval_mode__r001_pure_cream__protected__turns1__iteration02,True,True,True,f33d1472a78706c24c7a7716216fef9487f8dbf3d724d3c6c6d44d8a35958d66,f33d1472a78706c24c7a7716216fef9487f8dbf3d724d3c6c6d44d8a35958d66,inferred-neutral,False,offline_record_audit,False
A05,A05__sensitivity_eval_mode__r001_pure_cream__protected__turns1__iteration03,True,True,True,f33d1472a78706c24c7a7716216fef9487f8dbf3d724d3c6c6d44d8a35958d66,f33d1472a78706c24c7a7716216fef9487f8dbf3d724d3c6c6d44d8a35958d66,inferred-neutral,False,offline_record_audit,False
A05,A05__sensitivity_eval_mode__r001_pure_cream__protected__turns1__iteration04,True,True,True,f33d1472a78706c24c7a7716216fef9487f8dbf3d724d3c6c6d44d8a35958d66,f33d1472a78706c24c7a7716216fef9487f8dbf3d724d3c6c6d44d8a35958d66,inferred-neutral,False,offline_record_audit,False
A05,A05__sensitivity_eval_mode__r001_pure_cream__protected__turns1__iteration05,True,True,True,f33d1472a78706c24c7a7716216fef9487f8dbf3d724d3c6c6d44d8a35958d66,f33d1472a78706c24c7a7716216fef9487f8dbf3d724d3c6c6d44d8a35958d66,inferred-neutral,False,offline_record_audit,False
A05,A05__sensitivity_eval_mode__r001_pure_cream__protected__turns3__iteration01,True,True,True,1ea0cb5253e3a15fdf27fbf9789e2050e6b26f16284be8edf6e7639468cee200,1ea0cb5253e3a15fdf27fbf9789e2050e6b26f16284be8edf6e7639468cee200,inferred-neutral,False,offline_record_audit,False
A05,A05__sensitivity_eval_mode__r001_pure_cream__protected__turns3__iteration02,True,True,True,1ea0cb5253e3a15fdf27fbf9789e2050e6b26f16284be8edf6e7639468cee200,1ea0cb5253e3a15fdf27fbf9789e2050e6b26f16284be8edf6e7639468cee200,inferred-neutral,False,offline_record_audit,False
A05,A05__sensitivity_eval_mode__r001_pure_cream__protected__turns3__iteration03,True,True,True,1ea0cb5253e3a15fdf27fbf9789e2050e6b26f16284be8edf6e7639468cee200,1ea0cb5253e3a15fdf27fbf9789e2050e6b26f16284be8edf6e7639468cee200,inferred-neutral,False,offline_record_audit,False
A05,A05__sensitivity_eval_mode__r001_pure_cream__protected__turns3__iteration04,True,True,True,1ea0cb5253e3a15fdf27fbf9789e2050e6b26f16284be8edf6e7639468cee200,1ea0cb5253e3a15fdf27fbf9789e2050e6b26f16284be8edf6e7639468cee200,inferred-neutral,False,offline_record_audit,False
A05,A05__sensitivity_eval_mode__r001_pure_cream__protected__turns3__iteration05,True,True,True,1ea0cb5253e3a15fdf27fbf9789e2050e6b26f16284be8edf6e7639468cee200,1ea0cb5253e3a15fdf27fbf9789e2050e6b26f16284be8edf6e7639468cee200,inferred-neutral,False,offline_record_audit,False
A05,A05__sensitivity_eval_mode__r001_pure_cream__protected__turns5__iteration01,True,True,True,8db73a080bdf9b360f47f51c296565a511fad348338d0995e3383b454c25beef,8db73a080bdf9b360f47f51c296565a511fad348338d0995e3383b454c25beef,inferred-neutral,False,offline_record_audit,False
A05,A05__sensitivity_eval_mode__r001_pure_cream__protected__turns5__iteration02,True,True,True,8db73a080bdf9b360f47f51c296565a511fad348338d0995e3383b454c25beef,8db73a080bdf9b360f47f51c296565a511fad348338d0995e3383b454c25beef,inferred-neutral,False,offline_record_audit,False
A05,A05__sensitivity_eval_mode__r001_pure_cream__protected__turns5__iteration03,True,True,True,8db73a080bdf9b360f47f51c296565a511fad348338d0995e3383b454c25beef,8db73a080bdf9b360f47f51c296565a511fad348338d0995e3383b454c25beef,inferred-neutral,False,offline_record_audit,False
A05,A05__sensitivity_eval_mode__r001_pure_cream__protected__turns5__iteration04,True,True,True,8db73a080bdf9b360f47f51c296565a511fad348338d0995e3383b454c25beef,8db73a080bdf9b360f47f51c296565a511fad348338d0995e3383b454c25beef,inferred-neutral,False,offline_record_audit,False
A05,A05__sensitivity_eval_mode__r001_pure_cream__protected__turns5__iteration05,True,True,True,8db73a080bdf9b360f47f51c296565a511fad348338d0995e3383b454c25beef,8db73a080bdf9b360f47f51c296565a511fad348338d0995e3383b454c25beef,inferred-neutral,False,offline_record_audit,False
A05,A05__sensitivity_eval_mode__r001_pure_cream__public__turns1__iteration01,True,True,True,f33d1472a78706c24c7a7716216fef9487f8dbf3d724d3c6c6d44d8a35958d66,f33d1472a78706c24c7a7716216fef9487f8dbf3d724d3c6c6d44d8a35958d66,inferred-neutral,False,offline_record_audit,False
A05,A05__sensitivity_eval_mode__r001_pure_cream__public__turns1__iteration02,True,True,True,f33d1472a78706c24c7a7716216fef9487f8dbf3d724d3c6c6d44d8a35958d66,f33d1472a78706c24c7a7716216fef9487f8dbf3d724d3c6c6d44d8a35958d66,inferred-neutral,False,offline_record_audit,False
A05,A05__sensitivity_eval_mode__r001_pure_cream__public__turns1__iteration03,True,True,True,f33d1472a78706c24c7a7716216fef9487f8dbf3d724d3c6c6d44d8a35958d66,f33d1472a78706c24c7a7716216fef9487f8dbf3d724d3c6c6d44d8a35958d66,inferred-neutral,False,offline_record_audit,False
A05,A05__sensitivity_eval_mode__r001_pure_cream__public__turns1__iteration04,True,True,True,f33d1472a78706c24c7a7716216fef9487f8dbf3d724d3c6c6d44d8a35958d66,f33d1472a78706c24c7a7716216fef9487f8dbf3d724d3c6c6d44d8a35958d66,inferred-neutral,False,offline_record_audit,False
A05,A05__sensitivity_eval_mode__r001_pure_cream__public__turns1__iteration05,True,True,True,f33d1472a78706c24c7a7716216fef9487f8dbf3d724d3c6c6d44d8a35958d66,f33d1472a78706c24c7a7716216fef9487f8dbf3d724d3c6c6d44d8a35958d66,inferred-neutral,False,offline_record_audit,False
A05,A05__sensitivity_eval_mode__r001_pure_cream__public__turns3__iteration01,True,True,True,1ea0cb5253e3a15fdf27fbf9789e2050e6b26f16284be8edf6e7639468cee200,1ea0cb5253e3a15fdf27fbf9789e2050e6b26f16284be8edf6e7639468cee200,inferred-neutral,False,offline_record_audit,False
A05,A05__sensitivity_eval_mode__r001_pure_cream__public__turns3__iteration02,True,True,True,1ea0cb5253e3a15fdf27fbf9789e2050e6b26f16284be8edf6e7639468cee200,1ea0cb5253e3a15fdf27fbf9789e2050e6b26f16284be8edf6e7639468cee200,inferred-neutral,False,offline_record_audit,False
A05,A05__sensitivity_eval_mode__r001_pure_cream__public__turns3__iteration03,True,True,True,1ea0cb5253e3a15fdf27fbf9789e2050e6b26f16284be8edf6e7639468cee200,1ea0cb5253e3a15fdf27fbf9789e2050e6b26f16284be8edf6e7639468cee200,inferred-neutral,False,offline_record_audit,False
A05,A05__sensitivity_eval_mode__r001_pure_cream__public__turns3__iteration04,True,True,True,1ea0cb5253e3a15fdf27fbf9789e2050e6b26f16284be8edf6e7639468cee200,1ea0cb5253e3a15fdf27fbf9789e2050e6b26f16284be8edf6e7639468cee200,inferred-neutral,False,offline_record_audit,False
A05,A05__sensitivity_eval_mode__r001_pure_cream__public__turns3__iteration05,True,True,True,1ea0cb5253e3a15fdf27fbf9789e2050e6b26f16284be8edf6e7639468cee200,1ea0cb5253e3a15fdf27fbf9789e2050e6b26f16284be8edf6e7639468cee200,inferred-neutral,False,offline_record_audit,False
A05,A05__sensitivity_eval_mode__r001_pure_cream__public__turns5__iteration01,True,True,True,8db73a080bdf9b360f47f51c296565a511fad348338d0995e3383b454c25beef,8db73a080bdf9b360f47f51c296565a511fad348338d0995e3383b454c25beef,inferred-neutral,False,offline_record_audit,False
A05,A05__sensitivity_eval_mode__r001_pure_cream__public__turns5__iteration02,True,True,True,8db73a080bdf9b360f47f51c296565a511fad348338d0995e3383b454c25beef,8db73a080bdf9b360f47f51c296565a511fad348338d0995e3383b454c25beef,inferred-neutral,False,offline_record_audit,False
A05,A05__sensitivity_eval_mode__r001_pure_cream__public__turns5__iteration03,True,True,True,8db73a080bdf9b360f47f51c296565a511fad348338d0995e3383b454c25beef,8db73a080bdf9b360f47f51c296565a511fad348338d0995e3383b454c25beef,inferred-neutral,False,offline_record_audit,False
A05,A05__sensitivity_eval_mode__r001_pure_cream__public__turns5__iteration04,True,True,True,8db73a080bdf9b360f47f51c296565a511fad348338d0995e3383b454c25beef,8db73a080bdf9b360f47f51c296565a511fad348338d0995e3383b454c25beef,inferred-neutral,False,offline_record_audit,False
A05,A05__sensitivity_eval_mode__r001_pure_cream__public__turns5__iteration05,True,True,True,8db73a080bdf9b360f47f51c296565a511fad348338d0995e3383b454c25beef,8db73a080bdf9b360f47f51c296565a511fad348338d0995e3383b454c25beef,inferred-neutral,False,offline_record_audit,False
A05,A05__sensitivity_eval_mode__r002_hydra_serum__internal__turns1__iteration01,True,True,True,f089b322cd6fa6a6d105256dbb394fb498bcbb7b5ea04541f81bfc773fd45537,f089b322cd6fa6a6d105256dbb394fb498bcbb7b5ea04541f81bfc773fd45537,inferred-neutral,False,offline_record_audit,False
A05,A05__sensitivity_eval_mode__r002_hydra_serum__internal__turns1__iteration02,True,True,True,f089b322cd6fa6a6d105256dbb394fb498bcbb7b5ea04541f81bfc773fd45537,f089b322cd6fa6a6d105256dbb394fb498bcbb7b5ea04541f81bfc773fd45537,inferred-neutral,False,offline_record_audit,False
A05,A05__sensitivity_eval_mode__r002_hydra_serum__internal__turns1__iteration03,True,True,True,f089b322cd6fa6a6d105256dbb394fb498bcbb7b5ea04541f81bfc773fd45537,f089b322cd6fa6a6d105256dbb394fb498bcbb7b5ea04541f81bfc773fd45537,inferred-neutral,False,offline_record_audit,False
A05,A05__sensitivity_eval_mode__r002_hydra_serum__internal__turns1__iteration04,True,True,True,f089b322cd6fa6a6d105256dbb394fb498bcbb7b5ea04541f81bfc773fd45537,f089b322cd6fa6a6d105256dbb394fb498bcbb7b5ea04541f81bfc773fd45537,inferred-neutral,False,offline_record_audit,False
A05,A05__sensitivity_eval_mode__r002_hydra_serum__internal__turns1__iteration05,True,True,True,f089b322cd6fa6a6d105256dbb394fb498bcbb7b5ea04541f81bfc773fd45537,f089b322cd6fa6a6d105256dbb394fb498bcbb7b5ea04541f81bfc773fd45537,inferred-neutral,False,offline_record_audit,False
A05,A05__sensitivity_eval_mode__r002_hydra_serum__internal__turns3__iteration01,True,True,True,d3dbcf09fb54794a8cde10d1cf50f0591b83d59087ff0c00f4dfafeabdac76f0,d3dbcf09fb54794a8cde10d1cf50f0591b83d59087ff0c00f4dfafeabdac76f0,inferred-neutral,False,offline_record_audit,False
A05,A05__sensitivity_eval_mode__r002_hydra_serum__internal__turns3__iteration02,True,True,True,d3dbcf09fb54794a8cde10d1cf50f0591b83d59087ff0c00f4dfafeabdac76f0,d3dbcf09fb54794a8cde10d1cf50f0591b83d59087ff0c00f4dfafeabdac76f0,inferred-neutral,False,offline_record_audit,False
A05,A05__sensitivity_eval_mode__r002_hydra_serum__internal__turns3__iteration03,True,True,True,d3dbcf09fb54794a8cde10d1cf50f0591b83d59087ff0c00f4dfafeabdac76f0,d3dbcf09fb54794a8cde10d1cf50f0591b83d59087ff0c00f4dfafeabdac76f0,inferred-neutral,False,offline_record_audit,False
A05,A05__sensitivity_eval_mode__r002_hydra_serum__internal__turns3__iteration04,True,True,True,d3dbcf09fb54794a8cde10d1cf50f0591b83d59087ff0c00f4dfafeabdac76f0,d3dbcf09fb54794a8cde10d1cf50f0591b83d59087ff0c00f4dfafeabdac76f0,inferred-neutral,False,offline_record_audit,False
A05,A05__sensitivity_eval_mode__r002_hydra_serum__internal__turns3__iteration05,True,True,True,d3dbcf09fb54794a8cde10d1cf50f0591b83d59087ff0c00f4dfafeabdac76f0,d3dbcf09fb54794a8cde10d1cf50f0591b83d59087ff0c00f4dfafeabdac76f0,inferred-neutral,False,offline_record_audit,False
A05,A05__sensitivity_eval_mode__r002_hydra_serum__internal__turns5__iteration01,True,True,True,e6d1a41c058118d0530c269114bf135e2e1d7d42490e2576ade9d5ed50420623,e6d1a41c058118d0530c269114bf135e2e1d7d42490e2576ade9d5ed50420623,inferred-neutral,False,offline_record_audit,False
A05,A05__sensitivity_eval_mode__r002_hydra_serum__internal__turns5__iteration02,True,True,True,e6d1a41c058118d0530c269114bf135e2e1d7d42490e2576ade9d5ed50420623,e6d1a41c058118d0530c269114bf135e2e1d7d42490e2576ade9d5ed50420623,inferred-neutral,False,offline_record_audit,False
A05,A05__sensitivity_eval_mode__r002_hydra_serum__internal__turns5__iteration03,True,True,True,e6d1a41c058118d0530c269114bf135e2e1d7d42490e2576ade9d5ed50420623,e6d1a41c058118d0530c269114bf135e2e1d7d42490e2576ade9d5ed50420623,inferred-neutral,False,offline_record_audit,False
A05,A05__sensitivity_eval_mode__r002_hydra_serum__internal__turns5__iteration04,True,True,True,e6d1a41c058118d0530c269114bf135e2e1d7d42490e2576ade9d5ed50420623,e6d1a41c058118d0530c269114bf135e2e1d7d42490e2576ade9d5ed50420623,inferred-neutral,False,offline_record_audit,False
A05,A05__sensitivity_eval_mode__r002_hydra_serum__internal__turns5__iteration05,True,True,True,e6d1a41c058118d0530c269114bf135e2e1d7d42490e2576ade9d5ed50420623,e6d1a41c058118d0530c269114bf135e2e1d7d42490e2576ade9d5ed50420623,inferred-neutral,False,offline_record_audit,False
A05,A05__sensitivity_eval_mode__r002_hydra_serum__protected__turns1__iteration01,True,True,True,f089b322cd6fa6a6d105256dbb394fb498bcbb7b5ea04541f81bfc773fd45537,f089b322cd6fa6a6d105256dbb394fb498bcbb7b5ea04541f81bfc773fd45537,inferred-neutral,False,offline_record_audit,False
A05,A05__sensitivity_eval_mode__r002_hydra_serum__protected__turns1__iteration02,True,True,True,f089b322cd6fa6a6d105256dbb394fb498bcbb7b5ea04541f81bfc773fd45537,f089b322cd6fa6a6d105256dbb394fb498bcbb7b5ea04541f81bfc773fd45537,inferred-neutral,False,offline_record_audit,False
A05,A05__sensitivity_eval_mode__r002_hydra_serum__protected__turns1__iteration03,True,True,True,f089b322cd6fa6a6d105256dbb394fb498bcbb7b5ea04541f81bfc773fd45537,f089b322cd6fa6a6d105256dbb394fb498bcbb7b5ea04541f81bfc773fd45537,inferred-neutral,False,offline_record_audit,False
A05,A05__sensitivity_eval_mode__r002_hydra_serum__protected__turns1__iteration04,True,True,True,f089b322cd6fa6a6d105256dbb394fb498bcbb7b5ea04541f81bfc773fd45537,f089b322cd6fa6a6d105256dbb394fb498bcbb7b5ea04541f81bfc773fd45537,inferred-neutral,False,offline_record_audit,False
A05,A05__sensitivity_eval_mode__r002_hydra_serum__protected__turns1__iteration05,True,True,True,f089b322cd6fa6a6d105256dbb394fb498bcbb7b5ea04541f81bfc773fd45537,f089b322cd6fa6a6d105256dbb394fb498bcbb7b5ea04541f81bfc773fd45537,inferred-neutral,False,offline_record_audit,False
A05,A05__sensitivity_eval_mode__r002_hydra_serum__protected__turns3__iteration01,True,True,True,d3dbcf09fb54794a8cde10d1cf50f0591b83d59087ff0c00f4dfafeabdac76f0,d3dbcf09fb54794a8cde10d1cf50f0591b83d59087ff0c00f4dfafeabdac76f0,inferred-neutral,False,offline_record_audit,False
A05,A05__sensitivity_eval_mode__r002_hydra_serum__protected__turns3__iteration02,True,True,True,d3dbcf09fb54794a8cde10d1cf50f0591b83d59087ff0c00f4dfafeabdac76f0,d3dbcf09fb54794a8cde10d1cf50f0591b83d59087ff0c00f4dfafeabdac76f0,inferred-neutral,False,offline_record_audit,False
A05,A05__sensitivity_eval_mode__r002_hydra_serum__protected__turns3__iteration03,True,True,True,d3dbcf09fb54794a8cde10d1cf50f0591b83d59087ff0c00f4dfafeabdac76f0,d3dbcf09fb54794a8cde10d1cf50f0591b83d59087ff0c00f4dfafeabdac76f0,inferred-neutral,False,offline_record_audit,False
A05,A05__sensitivity_eval_mode__r002_hydra_serum__protected__turns3__iteration04,True,True,True,d3dbcf09fb54794a8cde10d1cf50f0591b83d59087ff0c00f4dfafeabdac76f0,d3dbcf09fb54794a8cde10d1cf50f0591b83d59087ff0c00f4dfafeabdac76f0,inferred-neutral,False,offline_record_audit,False
A05,A05__sensitivity_eval_mode__r002_hydra_serum__protected__turns3__iteration05,True,True,True,d3dbcf09fb54794a8cde10d1cf50f0591b83d59087ff0c00f4dfafeabdac76f0,d3dbcf09fb54794a8cde10d1cf50f0591b83d59087ff0c00f4dfafeabdac76f0,inferred-neutral,False,offline_record_audit,False
A05,A05__sensitivity_eval_mode__r002_hydra_serum__protected__turns5__iteration01,True,True,True,e6d1a41c058118d0530c269114bf135e2e1d7d42490e2576ade9d5ed50420623,e6d1a41c058118d0530c269114bf135e2e1d7d42490e2576ade9d5ed50420623,inferred-neutral,False,offline_record_audit,False
A05,A05__sensitivity_eval_mode__r002_hydra_serum__protected__turns5__iteration02,True,True,True,e6d1a41c058118d0530c269114bf135e2e1d7d42490e2576ade9d5ed50420623,e6d1a41c058118d0530c269114bf135e2e1d7d42490e2576ade9d5ed50420623,inferred-neutral,False,offline_record_audit,False
A05,A05__sensitivity_eval_mode__r002_hydra_serum__protected__turns5__iteration03,True,True,True,e6d1a41c058118d0530c269114bf135e2e1d7d42490e2576ade9d5ed50420623,e6d1a41c058118d0530c269114bf135e2e1d7d42490e2576ade9d5ed50420623,inferred-neutral,False,offline_record_audit,False
A05,A05__sensitivity_eval_mode__r002_hydra_serum__protected__turns5__iteration04,True,True,True,e6d1a41c058118d0530c269114bf135e2e1d7d42490e2576ade9d5ed50420623,e6d1a41c058118d0530c269114bf135e2e1d7d42490e2576ade9d5ed50420623,inferred-neutral,False,offline_record_audit,False
A05,A05__sensitivity_eval_mode__r002_hydra_serum__protected__turns5__iteration05,True,True,True,e6d1a41c058118d0530c269114bf135e2e1d7d42490e2576ade9d5ed50420623,e6d1a41c058118d0530c269114bf135e2e1d7d42490e2576ade9d5ed50420623,inferred-neutral,False,offline_record_audit,False
A05,A05__sensitivity_eval_mode__r002_hydra_serum__public__turns1__iteration01,True,True,True,f089b322cd6fa6a6d105256dbb394fb498bcbb7b5ea04541f81bfc773fd45537,f089b322cd6fa6a6d105256dbb394fb498bcbb7b5ea04541f81bfc773fd45537,inferred-neutral,False,offline_record_audit,False
A05,A05__sensitivity_eval_mode__r002_hydra_serum__public__turns1__iteration02,True,True,True,f089b322cd6fa6a6d105256dbb394fb498bcbb7b5ea04541f81bfc773fd45537,f089b322cd6fa6a6d105256dbb394fb498bcbb7b5ea04541f81bfc773fd45537,inferred-neutral,False,offline_record_audit,False
A05,A05__sensitivity_eval_mode__r002_hydra_serum__public__turns1__iteration03,True,True,True,f089b322cd6fa6a6d105256dbb394fb498bcbb7b5ea04541f81bfc773fd45537,f089b322cd6fa6a6d105256dbb394fb498bcbb7b5ea04541f81bfc773fd45537,inferred-neutral,False,offline_record_audit,False
A05,A05__sensitivity_eval_mode__r002_hydra_serum__public__turns1__iteration04,True,True,True,f089b322cd6fa6a6d105256dbb394fb498bcbb7b5ea04541f81bfc773fd45537,f089b322cd6fa6a6d105256dbb394fb498bcbb7b5ea04541f81bfc773fd45537,inferred-neutral,False,offline_record_audit,False
A05,A05__sensitivity_eval_mode__r002_hydra_serum__public__turns1__iteration05,True,True,True,f089b322cd6fa6a6d105256dbb394fb498bcbb7b5ea04541f81bfc773fd45537,f089b322cd6fa6a6d105256dbb394fb498bcbb7b5ea04541f81bfc773fd45537,inferred-neutral,False,offline_record_audit,False
A05,A05__sensitivity_eval_mode__r002_hydra_serum__public__turns3__iteration01,True,True,True,d3dbcf09fb54794a8cde10d1cf50f0591b83d59087ff0c00f4dfafeabdac76f0,d3dbcf09fb54794a8cde10d1cf50f0591b83d59087ff0c00f4dfafeabdac76f0,inferred-neutral,False,offline_record_audit,False
A05,A05__sensitivity_eval_mode__r002_hydra_serum__public__turns3__iteration02,True,True,True,d3dbcf09fb54794a8cde10d1cf50f0591b83d59087ff0c00f4dfafeabdac76f0,d3dbcf09fb54794a8cde10d1cf50f0591b83d59087ff0c00f4dfafeabdac76f0,inferred-neutral,False,offline_record_audit,False
A05,A05__sensitivity_eval_mode__r002_hydra_serum__public__turns3__iteration03,True,True,True,d3dbcf09fb54794a8cde10d1cf50f0591b83d59087ff0c00f4dfafeabdac76f0,d3dbcf09fb54794a8cde10d1cf50f0591b83d59087ff0c00f4dfafeabdac76f0,inferred-neutral,False,offline_record_audit,False
A05,A05__sensitivity_eval_mode__r002_hydra_serum__public__turns3__iteration04,True,True,True,d3dbcf09fb54794a8cde10d1cf50f0591b83d59087ff0c00f4dfafeabdac76f0,d3dbcf09fb54794a8cde10d1cf50f0591b83d59087ff0c00f4dfafeabdac76f0,inferred-neutral,False,offline_record_audit,False
A05,A05__sensitivity_eval_mode__r002_hydra_serum__public__turns3__iteration05,True,True,True,d3dbcf09fb54794a8cde10d1cf50f0591b83d59087ff0c00f4dfafeabdac76f0,d3dbcf09fb54794a8cde10d1cf50f0591b83d59087ff0c00f4dfafeabdac76f0,inferred-neutral,False,offline_record_audit,False
A05,A05__sensitivity_eval_mode__r002_hydra_serum__public__turns5__iteration01,True,True,True,e6d1a41c058118d0530c269114bf135e2e1d7d42490e2576ade9d5ed50420623,e6d1a41c058118d0530c269114bf135e2e1d7d42490e2576ade9d5ed50420623,inferred-neutral,False,offline_record_audit,False
A05,A05__sensitivity_eval_mode__r002_hydra_serum__public__turns5__iteration02,True,True,True,e6d1a41c058118d0530c269114bf135e2e1d7d42490e2576ade9d5ed50420623,e6d1a41c058118d0530c269114bf135e2e1d7d42490e2576ade9d5ed50420623,inferred-neutral,False,offline_record_audit,False
A05,A05__sensitivity_eval_mode__r002_hydra_serum__public__turns5__iteration03,True,True,True,e6d1a41c058118d0530c269114bf135e2e1d7d42490e2576ade9d5ed50420623,e6d1a41c058118d0530c269114bf135e2e1d7d42490e2576ade9d5ed50420623,inferred-neutral,False,offline_record_audit,False
A05,A05__sensitivity_eval_mode__r002_hydra_serum__public__turns5__iteration04,True,True,True,e6d1a41c058118d0530c269114bf135e2e1d7d42490e2576ade9d5ed50420623,e6d1a41c058118d0530c269114bf135e2e1d7d42490e2576ade9d5ed50420623,inferred-neutral,False,offline_record_audit,False
A05,A05__sensitivity_eval_mode__r002_hydra_serum__public__turns5__iteration05,True,True,True,e6d1a41c058118d0530c269114bf135e2e1d7d42490e2576ade9d5ed50420623,e6d1a41c058118d0530c269114bf135e2e1d7d42490e2576ade9d5ed50420623,inferred-neutral,False,offline_record_audit,False
A05,A05__sensitivity_eval_mode__r003_glow_elixir__internal__turns1__iteration01,True,True,True,6f66f6ca56ff0e42aa3d7d83a61891e845cb7e93dacfdf11ca40cd93d86f31e1,6f66f6ca56ff0e42aa3d7d83a61891e845cb7e93dacfdf11ca40cd93d86f31e1,inferred-neutral,False,offline_record_audit,False
A05,A05__sensitivity_eval_mode__r003_glow_elixir__internal__turns1__iteration02,True,True,True,6f66f6ca56ff0e42aa3d7d83a61891e845cb7e93dacfdf11ca40cd93d86f31e1,6f66f6ca56ff0e42aa3d7d83a61891e845cb7e93dacfdf11ca40cd93d86f31e1,inferred-neutral,False,offline_record_audit,False
A05,A05__sensitivity_eval_mode__r003_glow_elixir__internal__turns1__iteration03,True,True,True,6f66f6ca56ff0e42aa3d7d83a61891e845cb7e93dacfdf11ca40cd93d86f31e1,6f66f6ca56ff0e42aa3d7d83a61891e845cb7e93dacfdf11ca40cd93d86f31e1,inferred-neutral,False,offline_record_audit,False
A05,A05__sensitivity_eval_mode__r003_glow_elixir__internal__turns1__iteration04,True,True,True,6f66f6ca56ff0e42aa3d7d83a61891e845cb7e93dacfdf11ca40cd93d86f31e1,6f66f6ca56ff0e42aa3d7d83a61891e845cb7e93dacfdf11ca40cd93d86f31e1,inferred-neutral,False,offline_record_audit,False
A05,A05__sensitivity_eval_mode__r003_glow_elixir__internal__turns1__iteration05,True,True,True,6f66f6ca56ff0e42aa3d7d83a61891e845cb7e93dacfdf11ca40cd93d86f31e1,6f66f6ca56ff0e42aa3d7d83a61891e845cb7e93dacfdf11ca40cd93d86f31e1,inferred-neutral,False,offline_record_audit,False
A05,A05__sensitivity_eval_mode__r003_glow_elixir__internal__turns3__iteration01,True,True,True,bd5687b39a59c34b5b0cd70ce200d1b4cfe9f0782df4ba7361d9c2737a066579,bd5687b39a59c34b5b0cd70ce200d1b4cfe9f0782df4ba7361d9c2737a066579,inferred-neutral,False,offline_record_audit,False
A05,A05__sensitivity_eval_mode__r003_glow_elixir__internal__turns3__iteration02,True,True,True,bd5687b39a59c34b5b0cd70ce200d1b4cfe9f0782df4ba7361d9c2737a066579,bd5687b39a59c34b5b0cd70ce200d1b4cfe9f0782df4ba7361d9c2737a066579,inferred-neutral,False,offline_record_audit,False
A05,A05__sensitivity_eval_mode__r003_glow_elixir__internal__turns3__iteration03,True,True,True,bd5687b39a59c34b5b0cd70ce200d1b4cfe9f0782df4ba7361d9c2737a066579,bd5687b39a59c34b5b0cd70ce200d1b4cfe9f0782df4ba7361d9c2737a066579,inferred-neutral,False,offline_record_audit,False
A05,A05__sensitivity_eval_mode__r003_glow_elixir__internal__turns3__iteration04,True,True,True,bd5687b39a59c34b5b0cd70ce200d1b4cfe9f0782df4ba7361d9c2737a066579,bd5687b39a59c34b5b0cd70ce200d1b4cfe9f0782df4ba7361d9c2737a066579,inferred-neutral,False,offline_record_audit,False
A05,A05__sensitivity_eval_mode__r003_glow_elixir__internal__turns3__iteration05,True,True,True,bd5687b39a59c34b5b0cd70ce200d1b4cfe9f0782df4ba7361d9c2737a066579,bd5687b39a59c34b5b0cd70ce200d1b4cfe9f0782df4ba7361d9c2737a066579,inferred-neutral,False,offline_record_audit,False
A05,A05__sensitivity_eval_mode__r003_glow_elixir__internal__turns5__iteration01,True,True,True,2662e3faf272ea1cbdc759c0cfc498ad6ca1097c6a516a6de5ab5ad499b27734,2662e3faf272ea1cbdc759c0cfc498ad6ca1097c6a516a6de5ab5ad499b27734,inferred-neutral,False,offline_record_audit,False
A05,A05__sensitivity_eval_mode__r003_glow_elixir__internal__turns5__iteration02,True,True,True,2662e3faf272ea1cbdc759c0cfc498ad6ca1097c6a516a6de5ab5ad499b27734,2662e3faf272ea1cbdc759c0cfc498ad6ca1097c6a516a6de5ab5ad499b27734,inferred-neutral,False,offline_record_audit,False
A05,A05__sensitivity_eval_mode__r003_glow_elixir__internal__turns5__iteration03,True,True,True,2662e3faf272ea1cbdc759c0cfc498ad6ca1097c6a516a6de5ab5ad499b27734,2662e3faf272ea1cbdc759c0cfc498ad6ca1097c6a516a6de5ab5ad499b27734,inferred-neutral,False,offline_record_audit,False
A05,A05__sensitivity_eval_mode__r003_glow_elixir__internal__turns5__iteration04,True,True,True,2662e3faf272ea1cbdc759c0cfc498ad6ca1097c6a516a6de5ab5ad499b27734,2662e3faf272ea1cbdc759c0cfc498ad6ca1097c6a516a6de5ab5ad499b27734,inferred-neutral,False,offline_record_audit,False
A05,A05__sensitivity_eval_mode__r003_glow_elixir__internal__turns5__iteration05,True,True,True,2662e3faf272ea1cbdc759c0cfc498ad6ca1097c6a516a6de5ab5ad499b27734,2662e3faf272ea1cbdc759c0cfc498ad6ca1097c6a516a6de5ab5ad499b27734,inferred-neutral,False,offline_record_audit,False
A05,A05__sensitivity_eval_mode__r003_glow_elixir__protected__turns1__iteration01,True,True,True,6f66f6ca56ff0e42aa3d7d83a61891e845cb7e93dacfdf11ca40cd93d86f31e1,6f66f6ca56ff0e42aa3d7d83a61891e845cb7e93dacfdf11ca40cd93d86f31e1,inferred-neutral,False,offline_record_audit,False
A05,A05__sensitivity_eval_mode__r003_glow_elixir__protected__turns1__iteration02,True,True,True,6f66f6ca56ff0e42aa3d7d83a61891e845cb7e93dacfdf11ca40cd93d86f31e1,6f66f6ca56ff0e42aa3d7d83a61891e845cb7e93dacfdf11ca40cd93d86f31e1,inferred-neutral,False,offline_record_audit,False
A05,A05__sensitivity_eval_mode__r003_glow_elixir__protected__turns1__iteration03,True,True,True,6f66f6ca56ff0e42aa3d7d83a61891e845cb7e93dacfdf11ca40cd93d86f31e1,6f66f6ca56ff0e42aa3d7d83a61891e845cb7e93dacfdf11ca40cd93d86f31e1,inferred-neutral,False,offline_record_audit,False
A05,A05__sensitivity_eval_mode__r003_glow_elixir__protected__turns1__iteration04,True,True,True,6f66f6ca56ff0e42aa3d7d83a61891e845cb7e93dacfdf11ca40cd93d86f31e1,6f66f6ca56ff0e42aa3d7d83a61891e845cb7e93dacfdf11ca40cd93d86f31e1,inferred-neutral,False,offline_record_audit,False
A05,A05__sensitivity_eval_mode__r003_glow_elixir__protected__turns1__iteration05,True,True,True,6f66f6ca56ff0e42aa3d7d83a61891e845cb7e93dacfdf11ca40cd93d86f31e1,6f66f6ca56ff0e42aa3d7d83a61891e845cb7e93dacfdf11ca40cd93d86f31e1,inferred-neutral,False,offline_record_audit,False
A05,A05__sensitivity_eval_mode__r003_glow_elixir__protected__turns3__iteration01,True,True,True,bd5687b39a59c34b5b0cd70ce200d1b4cfe9f0782df4ba7361d9c2737a066579,bd5687b39a59c34b5b0cd70ce200d1b4cfe9f0782df4ba7361d9c2737a066579,inferred-neutral,False,offline_record_audit,False
A05,A05__sensitivity_eval_mode__r003_glow_elixir__protected__turns3__iteration02,True,True,True,bd5687b39a59c34b5b0cd70ce200d1b4cfe9f0782df4ba7361d9c2737a066579,bd5687b39a59c34b5b0cd70ce200d1b4cfe9f0782df4ba7361d9c2737a066579,inferred-neutral,False,offline_record_audit,False
A05,A05__sensitivity_eval_mode__r003_glow_elixir__protected__turns3__iteration03,True,True,True,bd5687b39a59c34b5b0cd70ce200d1b4cfe9f0782df4ba7361d9c2737a066579,bd5687b39a59c34b5b0cd70ce200d1b4cfe9f0782df4ba7361d9c2737a066579,inferred-neutral,False,offline_record_audit,False
A05,A05__sensitivity_eval_mode__r003_glow_elixir__protected__turns3__iteration04,True,True,True,bd5687b39a59c34b5b0cd70ce200d1b4cfe9f0782df4ba7361d9c2737a066579,bd5687b39a59c34b5b0cd70ce200d1b4cfe9f0782df4ba7361d9c2737a066579,inferred-neutral,False,offline_record_audit,False
A05,A05__sensitivity_eval_mode__r003_glow_elixir__protected__turns3__iteration05,True,True,True,bd5687b39a59c34b5b0cd70ce200d1b4cfe9f0782df4ba7361d9c2737a066579,bd5687b39a59c34b5b0cd70ce200d1b4cfe9f0782df4ba7361d9c2737a066579,inferred-neutral,False,offline_record_audit,False
A05,A05__sensitivity_eval_mode__r003_glow_elixir__protected__turns5__iteration01,True,True,True,2662e3faf272ea1cbdc759c0cfc498ad6ca1097c6a516a6de5ab5ad499b27734,2662e3faf272ea1cbdc759c0cfc498ad6ca1097c6a516a6de5ab5ad499b27734,inferred-neutral,False,offline_record_audit,False
A05,A05__sensitivity_eval_mode__r003_glow_elixir__protected__turns5__iteration02,True,True,True,2662e3faf272ea1cbdc759c0cfc498ad6ca1097c6a516a6de5ab5ad499b27734,2662e3faf272ea1cbdc759c0cfc498ad6ca1097c6a516a6de5ab5ad499b27734,inferred-neutral,False,offline_record_audit,False
A05,A05__sensitivity_eval_mode__r003_glow_elixir__protected__turns5__iteration03,True,True,True,2662e3faf272ea1cbdc759c0cfc498ad6ca1097c6a516a6de5ab5ad499b27734,2662e3faf272ea1cbdc759c0cfc498ad6ca1097c6a516a6de5ab5ad499b27734,inferred-neutral,False,offline_record_audit,False
A05,A05__sensitivity_eval_mode__r003_glow_elixir__protected__turns5__iteration04,True,True,True,2662e3faf272ea1cbdc759c0cfc498ad6ca1097c6a516a6de5ab5ad499b27734,2662e3faf272ea1cbdc759c0cfc498ad6ca1097c6a516a6de5ab5ad499b27734,inferred-neutral,False,offline_record_audit,False
A05,A05__sensitivity_eval_mode__r003_glow_elixir__protected__turns5__iteration05,True,True,True,2662e3faf272ea1cbdc759c0cfc498ad6ca1097c6a516a6de5ab5ad499b27734,2662e3faf272ea1cbdc759c0cfc498ad6ca1097c6a516a6de5ab5ad499b27734,inferred-neutral,False,offline_record_audit,False
A05,A05__sensitivity_eval_mode__r003_glow_elixir__public__turns1__iteration01,True,True,True,6f66f6ca56ff0e42aa3d7d83a61891e845cb7e93dacfdf11ca40cd93d86f31e1,6f66f6ca56ff0e42aa3d7d83a61891e845cb7e93dacfdf11ca40cd93d86f31e1,inferred-neutral,False,offline_record_audit,False
A05,A05__sensitivity_eval_mode__r003_glow_elixir__public__turns1__iteration02,True,True,True,6f66f6ca56ff0e42aa3d7d83a61891e845cb7e93dacfdf11ca40cd93d86f31e1,6f66f6ca56ff0e42aa3d7d83a61891e845cb7e93dacfdf11ca40cd93d86f31e1,inferred-neutral,False,offline_record_audit,False
A05,A05__sensitivity_eval_mode__r003_glow_elixir__public__turns1__iteration03,True,True,True,6f66f6ca56ff0e42aa3d7d83a61891e845cb7e93dacfdf11ca40cd93d86f31e1,6f66f6ca56ff0e42aa3d7d83a61891e845cb7e93dacfdf11ca40cd93d86f31e1,inferred-neutral,False,offline_record_audit,False
A05,A05__sensitivity_eval_mode__r003_glow_elixir__public__turns1__iteration04,True,True,True,6f66f6ca56ff0e42aa3d7d83a61891e845cb7e93dacfdf11ca40cd93d86f31e1,6f66f6ca56ff0e42aa3d7d83a61891e845cb7e93dacfdf11ca40cd93d86f31e1,inferred-neutral,False,offline_record_audit,False
A05,A05__sensitivity_eval_mode__r003_glow_elixir__public__turns1__iteration05,True,True,True,6f66f6ca56ff0e42aa3d7d83a61891e845cb7e93dacfdf11ca40cd93d86f31e1,6f66f6ca56ff0e42aa3d7d83a61891e845cb7e93dacfdf11ca40cd93d86f31e1,inferred-neutral,False,offline_record_audit,False
A05,A05__sensitivity_eval_mode__r003_glow_elixir__public__turns3__iteration01,True,True,True,bd5687b39a59c34b5b0cd70ce200d1b4cfe9f0782df4ba7361d9c2737a066579,bd5687b39a59c34b5b0cd70ce200d1b4cfe9f0782df4ba7361d9c2737a066579,inferred-neutral,False,offline_record_audit,False
A05,A05__sensitivity_eval_mode__r003_glow_elixir__public__turns3__iteration02,True,True,True,bd5687b39a59c34b5b0cd70ce200d1b4cfe9f0782df4ba7361d9c2737a066579,bd5687b39a59c34b5b0cd70ce200d1b4cfe9f0782df4ba7361d9c2737a066579,inferred-neutral,False,offline_record_audit,False
A05,A05__sensitivity_eval_mode__r003_glow_elixir__public__turns3__iteration03,True,True,True,bd5687b39a59c34b5b0cd70ce200d1b4cfe9f0782df4ba7361d9c2737a066579,bd5687b39a59c34b5b0cd70ce200d1b4cfe9f0782df4ba7361d9c2737a066579,inferred-neutral,False,offline_record_audit,False
A05,A05__sensitivity_eval_mode__r003_glow_elixir__public__turns3__iteration04,True,True,True,bd5687b39a59c34b5b0cd70ce200d1b4cfe9f0782df4ba7361d9c2737a066579,bd5687b39a59c34b5b0cd70ce200d1b4cfe9f0782df4ba7361d9c2737a066579,inferred-neutral,False,offline_record_audit,False
A05,A05__sensitivity_eval_mode__r003_glow_elixir__public__turns3__iteration05,True,True,True,bd5687b39a59c34b5b0cd70ce200d1b4cfe9f0782df4ba7361d9c2737a066579,bd5687b39a59c34b5b0cd70ce200d1b4cfe9f0782df4ba7361d9c2737a066579,inferred-neutral,False,offline_record_audit,False
A05,A05__sensitivity_eval_mode__r003_glow_elixir__public__turns5__iteration01,True,True,True,2662e3faf272ea1cbdc759c0cfc498ad6ca1097c6a516a6de5ab5ad499b27734,2662e3faf272ea1cbdc759c0cfc498ad6ca1097c6a516a6de5ab5ad499b27734,inferred-neutral,False,offline_record_audit,False
A05,A05__sensitivity_eval_mode__r003_glow_elixir__public__turns5__iteration02,True,True,True,2662e3faf272ea1cbdc759c0cfc498ad6ca1097c6a516a6de5ab5ad499b27734,2662e3faf272ea1cbdc759c0cfc498ad6ca1097c6a516a6de5ab5ad499b27734,inferred-neutral,False,offline_record_audit,False
A05,A05__sensitivity_eval_mode__r003_glow_elixir__public__turns5__iteration03,True,True,True,2662e3faf272ea1cbdc759c0cfc498ad6ca1097c6a516a6de5ab5ad499b27734,2662e3faf272ea1cbdc759c0cfc498ad6ca1097c6a516a6de5ab5ad499b27734,inferred-neutral,False,offline_record_audit,False
A05,A05__sensitivity_eval_mode__r003_glow_elixir__public__turns5__iteration04,True,True,True,2662e3faf272ea1cbdc759c0cfc498ad6ca1097c6a516a6de5ab5ad499b27734,2662e3faf272ea1cbdc759c0cfc498ad6ca1097c6a516a6de5ab5ad499b27734,inferred-neutral,False,offline_record_audit,False
A05,A05__sensitivity_eval_mode__r003_glow_elixir__public__turns5__iteration05,True,True,True,2662e3faf272ea1cbdc759c0cfc498ad6ca1097c6a516a6de5ab5ad499b27734,2662e3faf272ea1cbdc759c0cfc498ad6ca1097c6a516a6de5ab5ad499b27734,inferred-neutral,False,offline_record_audit,False
A05,A05__sensitivity_eval_mode__r004_hydra_elixir__internal__turns1__iteration01,True,True,True,64602d030828f36de096a67572995ff309a0b58295f275cfffead9eb5f8ffa12,64602d030828f36de096a67572995ff309a0b58295f275cfffead9eb5f8ffa12,inferred-neutral,False,offline_record_audit,False
A05,A05__sensitivity_eval_mode__r004_hydra_elixir__internal__turns1__iteration02,True,True,True,64602d030828f36de096a67572995ff309a0b58295f275cfffead9eb5f8ffa12,64602d030828f36de096a67572995ff309a0b58295f275cfffead9eb5f8ffa12,inferred-neutral,False,offline_record_audit,False
A05,A05__sensitivity_eval_mode__r004_hydra_elixir__internal__turns1__iteration03,True,True,True,64602d030828f36de096a67572995ff309a0b58295f275cfffead9eb5f8ffa12,64602d030828f36de096a67572995ff309a0b58295f275cfffead9eb5f8ffa12,inferred-neutral,False,offline_record_audit,False
A05,A05__sensitivity_eval_mode__r004_hydra_elixir__internal__turns1__iteration04,True,True,True,64602d030828f36de096a67572995ff309a0b58295f275cfffead9eb5f8ffa12,64602d030828f36de096a67572995ff309a0b58295f275cfffead9eb5f8ffa12,inferred-neutral,False,offline_record_audit,False
A05,A05__sensitivity_eval_mode__r004_hydra_elixir__internal__turns1__iteration05,True,True,True,64602d030828f36de096a67572995ff309a0b58295f275cfffead9eb5f8ffa12,64602d030828f36de096a67572995ff309a0b58295f275cfffead9eb5f8ffa12,inferred-neutral,False,offline_record_audit,False
A05,A05__sensitivity_eval_mode__r004_hydra_elixir__internal__turns3__iteration01,True,True,True,35b5c6bf289b0ed58c1b5ebbd738ada3e7f2c20c9c44647f0e17430c2eda2113,35b5c6bf289b0ed58c1b5ebbd738ada3e7f2c20c9c44647f0e17430c2eda2113,inferred-neutral,False,offline_record_audit,False
A05,A05__sensitivity_eval_mode__r004_hydra_elixir__internal__turns3__iteration02,True,True,True,35b5c6bf289b0ed58c1b5ebbd738ada3e7f2c20c9c44647f0e17430c2eda2113,35b5c6bf289b0ed58c1b5ebbd738ada3e7f2c20c9c44647f0e17430c2eda2113,inferred-neutral,False,offline_record_audit,False
A05,A05__sensitivity_eval_mode__r004_hydra_elixir__internal__turns3__iteration03,True,True,True,35b5c6bf289b0ed58c1b5ebbd738ada3e7f2c20c9c44647f0e17430c2eda2113,35b5c6bf289b0ed58c1b5ebbd738ada3e7f2c20c9c44647f0e17430c2eda2113,inferred-neutral,False,offline_record_audit,False
A05,A05__sensitivity_eval_mode__r004_hydra_elixir__internal__turns3__iteration04,True,True,True,35b5c6bf289b0ed58c1b5ebbd738ada3e7f2c20c9c44647f0e17430c2eda2113,35b5c6bf289b0ed58c1b5ebbd738ada3e7f2c20c9c44647f0e17430c2eda2113,inferred-neutral,False,offline_record_audit,False
A05,A05__sensitivity_eval_mode__r004_hydra_elixir__internal__turns3__iteration05,True,True,True,35b5c6bf289b0ed58c1b5ebbd738ada3e7f2c20c9c44647f0e17430c2eda2113,35b5c6bf289b0ed58c1b5ebbd738ada3e7f2c20c9c44647f0e17430c2eda2113,inferred-neutral,False,offline_record_audit,False
A05,A05__sensitivity_eval_mode__r004_hydra_elixir__internal__turns5__iteration01,True,True,True,98bb06ca27dc6b23219cd2b7a44a76a7e66ef1143055e0d99711ac7ab5a6e7ba,98bb06ca27dc6b23219cd2b7a44a76a7e66ef1143055e0d99711ac7ab5a6e7ba,inferred-neutral,False,offline_record_audit,False
A05,A05__sensitivity_eval_mode__r004_hydra_elixir__internal__turns5__iteration02,True,True,True,98bb06ca27dc6b23219cd2b7a44a76a7e66ef1143055e0d99711ac7ab5a6e7ba,98bb06ca27dc6b23219cd2b7a44a76a7e66ef1143055e0d99711ac7ab5a6e7ba,inferred-neutral,False,offline_record_audit,False
A05,A05__sensitivity_eval_mode__r004_hydra_elixir__internal__turns5__iteration03,True,True,True,98bb06ca27dc6b23219cd2b7a44a76a7e66ef1143055e0d99711ac7ab5a6e7ba,98bb06ca27dc6b23219cd2b7a44a76a7e66ef1143055e0d99711ac7ab5a6e7ba,inferred-neutral,False,offline_record_audit,False
A05,A05__sensitivity_eval_mode__r004_hydra_elixir__internal__turns5__iteration04,True,True,True,98bb06ca27dc6b23219cd2b7a44a76a7e66ef1143055e0d99711ac7ab5a6e7ba,98bb06ca27dc6b23219cd2b7a44a76a7e66ef1143055e0d99711ac7ab5a6e7ba,inferred-neutral,False,offline_record_audit,False
A05,A05__sensitivity_eval_mode__r004_hydra_elixir__internal__turns5__iteration05,True,True,True,98bb06ca27dc6b23219cd2b7a44a76a7e66ef1143055e0d99711ac7ab5a6e7ba,98bb06ca27dc6b23219cd2b7a44a76a7e66ef1143055e0d99711ac7ab5a6e7ba,inferred-neutral,False,offline_record_audit,False
A05,A05__sensitivity_eval_mode__r004_hydra_elixir__protected__turns1__iteration01,True,True,True,64602d030828f36de096a67572995ff309a0b58295f275cfffead9eb5f8ffa12,64602d030828f36de096a67572995ff309a0b58295f275cfffead9eb5f8ffa12,inferred-neutral,False,offline_record_audit,False
A05,A05__sensitivity_eval_mode__r004_hydra_elixir__protected__turns1__iteration02,True,True,True,64602d030828f36de096a67572995ff309a0b58295f275cfffead9eb5f8ffa12,64602d030828f36de096a67572995ff309a0b58295f275cfffead9eb5f8ffa12,inferred-neutral,False,offline_record_audit,False
A05,A05__sensitivity_eval_mode__r004_hydra_elixir__protected__turns1__iteration03,True,True,True,64602d030828f36de096a67572995ff309a0b58295f275cfffead9eb5f8ffa12,64602d030828f36de096a67572995ff309a0b58295f275cfffead9eb5f8ffa12,inferred-neutral,False,offline_record_audit,False
A05,A05__sensitivity_eval_mode__r004_hydra_elixir__protected__turns1__iteration04,True,True,True,64602d030828f36de096a67572995ff309a0b58295f275cfffead9eb5f8ffa12,64602d030828f36de096a67572995ff309a0b58295f275cfffead9eb5f8ffa12,inferred-neutral,False,offline_record_audit,False
A05,A05__sensitivity_eval_mode__r004_hydra_elixir__protected__turns1__iteration05,True,True,True,64602d030828f36de096a67572995ff309a0b58295f275cfffead9eb5f8ffa12,64602d030828f36de096a67572995ff309a0b58295f275cfffead9eb5f8ffa12,inferred-neutral,False,offline_record_audit,False
A05,A05__sensitivity_eval_mode__r004_hydra_elixir__protected__turns3__iteration01,True,True,True,35b5c6bf289b0ed58c1b5ebbd738ada3e7f2c20c9c44647f0e17430c2eda2113,35b5c6bf289b0ed58c1b5ebbd738ada3e7f2c20c9c44647f0e17430c2eda2113,inferred-neutral,False,offline_record_audit,False
A05,A05__sensitivity_eval_mode__r004_hydra_elixir__protected__turns3__iteration02,True,True,True,35b5c6bf289b0ed58c1b5ebbd738ada3e7f2c20c9c44647f0e17430c2eda2113,35b5c6bf289b0ed58c1b5ebbd738ada3e7f2c20c9c44647f0e17430c2eda2113,inferred-neutral,False,offline_record_audit,False
A05,A05__sensitivity_eval_mode__r004_hydra_elixir__protected__turns3__iteration03,True,True,True,35b5c6bf289b0ed58c1b5ebbd738ada3e7f2c20c9c44647f0e17430c2eda2113,35b5c6bf289b0ed58c1b5ebbd738ada3e7f2c20c9c44647f0e17430c2eda2113,inferred-neutral,False,offline_record_audit,False
A05,A05__sensitivity_eval_mode__r004_hydra_elixir__protected__turns3__iteration04,True,True,True,35b5c6bf289b0ed58c1b5ebbd738ada3e7f2c20c9c44647f0e17430c2eda2113,35b5c6bf289b0ed58c1b5ebbd738ada3e7f2c20c9c44647f0e17430c2eda2113,inferred-neutral,False,offline_record_audit,False
A05,A05__sensitivity_eval_mode__r004_hydra_elixir__protected__turns3__iteration05,True,True,True,35b5c6bf289b0ed58c1b5ebbd738ada3e7f2c20c9c44647f0e17430c2eda2113,35b5c6bf289b0ed58c1b5ebbd738ada3e7f2c20c9c44647f0e17430c2eda2113,inferred-neutral,False,offline_record_audit,False
A05,A05__sensitivity_eval_mode__r004_hydra_elixir__protected__turns5__iteration01,True,True,True,98bb06ca27dc6b23219cd2b7a44a76a7e66ef1143055e0d99711ac7ab5a6e7ba,98bb06ca27dc6b23219cd2b7a44a76a7e66ef1143055e0d99711ac7ab5a6e7ba,inferred-neutral,False,offline_record_audit,False
A05,A05__sensitivity_eval_mode__r004_hydra_elixir__protected__turns5__iteration02,True,True,True,98bb06ca27dc6b23219cd2b7a44a76a7e66ef1143055e0d99711ac7ab5a6e7ba,98bb06ca27dc6b23219cd2b7a44a76a7e66ef1143055e0d99711ac7ab5a6e7ba,inferred-neutral,False,offline_record_audit,False
A05,A05__sensitivity_eval_mode__r004_hydra_elixir__protected__turns5__iteration03,True,True,True,98bb06ca27dc6b23219cd2b7a44a76a7e66ef1143055e0d99711ac7ab5a6e7ba,98bb06ca27dc6b23219cd2b7a44a76a7e66ef1143055e0d99711ac7ab5a6e7ba,inferred-neutral,False,offline_record_audit,False
A05,A05__sensitivity_eval_mode__r004_hydra_elixir__protected__turns5__iteration04,True,True,True,98bb06ca27dc6b23219cd2b7a44a76a7e66ef1143055e0d99711ac7ab5a6e7ba,98bb06ca27dc6b23219cd2b7a44a76a7e66ef1143055e0d99711ac7ab5a6e7ba,inferred-neutral,False,offline_record_audit,False
A05,A05__sensitivity_eval_mode__r004_hydra_elixir__protected__turns5__iteration05,True,True,True,98bb06ca27dc6b23219cd2b7a44a76a7e66ef1143055e0d99711ac7ab5a6e7ba,98bb06ca27dc6b23219cd2b7a44a76a7e66ef1143055e0d99711ac7ab5a6e7ba,inferred-neutral,False,offline_record_audit,False
A05,A05__sensitivity_eval_mode__r004_hydra_elixir__public__turns1__iteration01,True,True,True,64602d030828f36de096a67572995ff309a0b58295f275cfffead9eb5f8ffa12,64602d030828f36de096a67572995ff309a0b58295f275cfffead9eb5f8ffa12,inferred-neutral,False,offline_record_audit,False
A05,A05__sensitivity_eval_mode__r004_hydra_elixir__public__turns1__iteration02,True,True,True,64602d030828f36de096a67572995ff309a0b58295f275cfffead9eb5f8ffa12,64602d030828f36de096a67572995ff309a0b58295f275cfffead9eb5f8ffa12,inferred-neutral,False,offline_record_audit,False
A05,A05__sensitivity_eval_mode__r004_hydra_elixir__public__turns1__iteration03,True,True,True,64602d030828f36de096a67572995ff309a0b58295f275cfffead9eb5f8ffa12,64602d030828f36de096a67572995ff309a0b58295f275cfffead9eb5f8ffa12,inferred-neutral,False,offline_record_audit,False
A05,A05__sensitivity_eval_mode__r004_hydra_elixir__public__turns1__iteration04,True,True,True,64602d030828f36de096a67572995ff309a0b58295f275cfffead9eb5f8ffa12,64602d030828f36de096a67572995ff309a0b58295f275cfffead9eb5f8ffa12,inferred-neutral,False,offline_record_audit,False
A05,A05__sensitivity_eval_mode__r004_hydra_elixir__public__turns1__iteration05,True,True,True,64602d030828f36de096a67572995ff309a0b58295f275cfffead9eb5f8ffa12,64602d030828f36de096a67572995ff309a0b58295f275cfffead9eb5f8ffa12,inferred-neutral,False,offline_record_audit,False
A05,A05__sensitivity_eval_mode__r004_hydra_elixir__public__turns3__iteration01,True,True,True,35b5c6bf289b0ed58c1b5ebbd738ada3e7f2c20c9c44647f0e17430c2eda2113,35b5c6bf289b0ed58c1b5ebbd738ada3e7f2c20c9c44647f0e17430c2eda2113,inferred-neutral,False,offline_record_audit,False
A05,A05__sensitivity_eval_mode__r004_hydra_elixir__public__turns3__iteration02,True,True,True,35b5c6bf289b0ed58c1b5ebbd738ada3e7f2c20c9c44647f0e17430c2eda2113,35b5c6bf289b0ed58c1b5ebbd738ada3e7f2c20c9c44647f0e17430c2eda2113,inferred-neutral,False,offline_record_audit,False
A05,A05__sensitivity_eval_mode__r004_hydra_elixir__public__turns3__iteration03,True,True,True,35b5c6bf289b0ed58c1b5ebbd738ada3e7f2c20c9c44647f0e17430c2eda2113,35b5c6bf289b0ed58c1b5ebbd738ada3e7f2c20c9c44647f0e17430c2eda2113,inferred-neutral,False,offline_record_audit,False
A05,A05__sensitivity_eval_mode__r004_hydra_elixir__public__turns3__iteration04,True,True,True,35b5c6bf289b0ed58c1b5ebbd738ada3e7f2c20c9c44647f0e17430c2eda2113,35b5c6bf289b0ed58c1b5ebbd738ada3e7f2c20c9c44647f0e17430c2eda2113,inferred-neutral,False,offline_record_audit,False
A05,A05__sensitivity_eval_mode__r004_hydra_elixir__public__turns3__iteration05,True,True,True,35b5c6bf289b0ed58c1b5ebbd738ada3e7f2c20c9c44647f0e17430c2eda2113,35b5c6bf289b0ed58c1b5ebbd738ada3e7f2c20c9c44647f0e17430c2eda2113,inferred-neutral,False,offline_record_audit,False
A05,A05__sensitivity_eval_mode__r004_hydra_elixir__public__turns5__iteration01,True,True,True,98bb06ca27dc6b23219cd2b7a44a76a7e66ef1143055e0d99711ac7ab5a6e7ba,98bb06ca27dc6b23219cd2b7a44a76a7e66ef1143055e0d99711ac7ab5a6e7ba,inferred-neutral,False,offline_record_audit,False
A05,A05__sensitivity_eval_mode__r004_hydra_elixir__public__turns5__iteration02,True,True,True,98bb06ca27dc6b23219cd2b7a44a76a7e66ef1143055e0d99711ac7ab5a6e7ba,98bb06ca27dc6b23219cd2b7a44a76a7e66ef1143055e0d99711ac7ab5a6e7ba,inferred-neutral,False,offline_record_audit,False
A05,A05__sensitivity_eval_mode__r004_hydra_elixir__public__turns5__iteration03,True,True,True,98bb06ca27dc6b23219cd2b7a44a76a7e66ef1143055e0d99711ac7ab5a6e7ba,98bb06ca27dc6b23219cd2b7a44a76a7e66ef1143055e0d99711ac7ab5a6e7ba,inferred-neutral,False,offline_record_audit,False
A05,A05__sensitivity_eval_mode__r004_hydra_elixir__public__turns5__iteration04,True,True,True,98bb06ca27dc6b23219cd2b7a44a76a7e66ef1143055e0d99711ac7ab5a6e7ba,98bb06ca27dc6b23219cd2b7a44a76a7e66ef1143055e0d99711ac7ab5a6e7ba,inferred-neutral,False,offline_record_audit,False
A05,A05__sensitivity_eval_mode__r004_hydra_elixir__public__turns5__iteration05,True,True,True,98bb06ca27dc6b23219cd2b7a44a76a7e66ef1143055e0d99711ac7ab5a6e7ba,98bb06ca27dc6b23219cd2b7a44a76a7e66ef1143055e0d99711ac7ab5a6e7ba,inferred-neutral,False,offline_record_audit,False
A05,A05__sensitivity_eval_mode__r005_calm_elixir__internal__turns1__iteration01,True,True,True,d0b7e2d47aa7f5a133d8219740da730461f06be32c359cf7ad50d50823a9de5c,d0b7e2d47aa7f5a133d8219740da730461f06be32c359cf7ad50d50823a9de5c,inferred-neutral,False,offline_record_audit,False
A05,A05__sensitivity_eval_mode__r005_calm_elixir__internal__turns1__iteration02,True,True,True,d0b7e2d47aa7f5a133d8219740da730461f06be32c359cf7ad50d50823a9de5c,d0b7e2d47aa7f5a133d8219740da730461f06be32c359cf7ad50d50823a9de5c,inferred-neutral,False,offline_record_audit,False
A05,A05__sensitivity_eval_mode__r005_calm_elixir__internal__turns1__iteration03,True,True,True,d0b7e2d47aa7f5a133d8219740da730461f06be32c359cf7ad50d50823a9de5c,d0b7e2d47aa7f5a133d8219740da730461f06be32c359cf7ad50d50823a9de5c,inferred-neutral,False,offline_record_audit,False
A05,A05__sensitivity_eval_mode__r005_calm_elixir__internal__turns1__iteration04,True,True,True,d0b7e2d47aa7f5a133d8219740da730461f06be32c359cf7ad50d50823a9de5c,d0b7e2d47aa7f5a133d8219740da730461f06be32c359cf7ad50d50823a9de5c,inferred-neutral,False,offline_record_audit,False
A05,A05__sensitivity_eval_mode__r005_calm_elixir__internal__turns1__iteration05,True,True,True,d0b7e2d47aa7f5a133d8219740da730461f06be32c359cf7ad50d50823a9de5c,d0b7e2d47aa7f5a133d8219740da730461f06be32c359cf7ad50d50823a9de5c,inferred-neutral,False,offline_record_audit,False
A05,A05__sensitivity_eval_mode__r005_calm_elixir__internal__turns3__iteration01,True,True,True,bbe9ab17ad83533facbd6e0600819bcf983b08c1f63f0555680c873d7332219a,bbe9ab17ad83533facbd6e0600819bcf983b08c1f63f0555680c873d7332219a,inferred-neutral,False,offline_record_audit,False
A05,A05__sensitivity_eval_mode__r005_calm_elixir__internal__turns3__iteration02,True,True,True,bbe9ab17ad83533facbd6e0600819bcf983b08c1f63f0555680c873d7332219a,bbe9ab17ad83533facbd6e0600819bcf983b08c1f63f0555680c873d7332219a,inferred-neutral,False,offline_record_audit,False
A05,A05__sensitivity_eval_mode__r005_calm_elixir__internal__turns3__iteration03,True,True,True,bbe9ab17ad83533facbd6e0600819bcf983b08c1f63f0555680c873d7332219a,bbe9ab17ad83533facbd6e0600819bcf983b08c1f63f0555680c873d7332219a,inferred-neutral,False,offline_record_audit,False
A05,A05__sensitivity_eval_mode__r005_calm_elixir__internal__turns3__iteration04,True,True,True,bbe9ab17ad83533facbd6e0600819bcf983b08c1f63f0555680c873d7332219a,bbe9ab17ad83533facbd6e0600819bcf983b08c1f63f0555680c873d7332219a,inferred-neutral,False,offline_record_audit,False
A05,A05__sensitivity_eval_mode__r005_calm_elixir__internal__turns3__iteration05,True,True,True,bbe9ab17ad83533facbd6e0600819bcf983b08c1f63f0555680c873d7332219a,bbe9ab17ad83533facbd6e0600819bcf983b08c1f63f0555680c873d7332219a,inferred-neutral,False,offline_record_audit,False
A05,A05__sensitivity_eval_mode__r005_calm_elixir__internal__turns5__iteration01,True,True,True,ba37b47bfe87f281361bbe44e2babb065d93ad1ea9222f87fc49984ac332820f,ba37b47bfe87f281361bbe44e2babb065d93ad1ea9222f87fc49984ac332820f,inferred-neutral,False,offline_record_audit,False
A05,A05__sensitivity_eval_mode__r005_calm_elixir__internal__turns5__iteration02,True,True,True,ba37b47bfe87f281361bbe44e2babb065d93ad1ea9222f87fc49984ac332820f,ba37b47bfe87f281361bbe44e2babb065d93ad1ea9222f87fc49984ac332820f,inferred-neutral,False,offline_record_audit,False
A05,A05__sensitivity_eval_mode__r005_calm_elixir__internal__turns5__iteration03,True,True,True,ba37b47bfe87f281361bbe44e2babb065d93ad1ea9222f87fc49984ac332820f,ba37b47bfe87f281361bbe44e2babb065d93ad1ea9222f87fc49984ac332820f,inferred-neutral,False,offline_record_audit,False
A05,A05__sensitivity_eval_mode__r005_calm_elixir__internal__turns5__iteration04,True,True,True,ba37b47bfe87f281361bbe44e2babb065d93ad1ea9222f87fc49984ac332820f,ba37b47bfe87f281361bbe44e2babb065d93ad1ea9222f87fc49984ac332820f,inferred-neutral,False,offline_record_audit,False
A05,A05__sensitivity_eval_mode__r005_calm_elixir__internal__turns5__iteration05,True,True,True,ba37b47bfe87f281361bbe44e2babb065d93ad1ea9222f87fc49984ac332820f,ba37b47bfe87f281361bbe44e2babb065d93ad1ea9222f87fc49984ac332820f,inferred-neutral,False,offline_record_audit,False
A05,A05__sensitivity_eval_mode__r005_calm_elixir__protected__turns1__iteration01,True,True,True,d0b7e2d47aa7f5a133d8219740da730461f06be32c359cf7ad50d50823a9de5c,d0b7e2d47aa7f5a133d8219740da730461f06be32c359cf7ad50d50823a9de5c,inferred-neutral,False,offline_record_audit,False
A05,A05__sensitivity_eval_mode__r005_calm_elixir__protected__turns1__iteration02,True,True,True,d0b7e2d47aa7f5a133d8219740da730461f06be32c359cf7ad50d50823a9de5c,d0b7e2d47aa7f5a133d8219740da730461f06be32c359cf7ad50d50823a9de5c,inferred-neutral,False,offline_record_audit,False
A05,A05__sensitivity_eval_mode__r005_calm_elixir__protected__turns1__iteration03,True,True,True,d0b7e2d47aa7f5a133d8219740da730461f06be32c359cf7ad50d50823a9de5c,d0b7e2d47aa7f5a133d8219740da730461f06be32c359cf7ad50d50823a9de5c,inferred-neutral,False,offline_record_audit,False
A05,A05__sensitivity_eval_mode__r005_calm_elixir__protected__turns1__iteration04,True,True,True,d0b7e2d47aa7f5a133d8219740da730461f06be32c359cf7ad50d50823a9de5c,d0b7e2d47aa7f5a133d8219740da730461f06be32c359cf7ad50d50823a9de5c,inferred-neutral,False,offline_record_audit,False
A05,A05__sensitivity_eval_mode__r005_calm_elixir__protected__turns1__iteration05,True,True,True,d0b7e2d47aa7f5a133d8219740da730461f06be32c359cf7ad50d50823a9de5c,d0b7e2d47aa7f5a133d8219740da730461f06be32c359cf7ad50d50823a9de5c,inferred-neutral,False,offline_record_audit,False
A05,A05__sensitivity_eval_mode__r005_calm_elixir__protected__turns3__iteration01,True,True,True,bbe9ab17ad83533facbd6e0600819bcf983b08c1f63f0555680c873d7332219a,bbe9ab17ad83533facbd6e0600819bcf983b08c1f63f0555680c873d7332219a,inferred-neutral,False,offline_record_audit,False
A05,A05__sensitivity_eval_mode__r005_calm_elixir__protected__turns3__iteration02,True,True,True,bbe9ab17ad83533facbd6e0600819bcf983b08c1f63f0555680c873d7332219a,bbe9ab17ad83533facbd6e0600819bcf983b08c1f63f0555680c873d7332219a,inferred-neutral,False,offline_record_audit,False
A05,A05__sensitivity_eval_mode__r005_calm_elixir__protected__turns3__iteration03,True,True,True,bbe9ab17ad83533facbd6e0600819bcf983b08c1f63f0555680c873d7332219a,bbe9ab17ad83533facbd6e0600819bcf983b08c1f63f0555680c873d7332219a,inferred-neutral,False,offline_record_audit,False
A05,A05__sensitivity_eval_mode__r005_calm_elixir__protected__turns3__iteration04,True,True,True,bbe9ab17ad83533facbd6e0600819bcf983b08c1f63f0555680c873d7332219a,bbe9ab17ad83533facbd6e0600819bcf983b08c1f63f0555680c873d7332219a,inferred-neutral,False,offline_record_audit,False
A05,A05__sensitivity_eval_mode__r005_calm_elixir__protected__turns3__iteration05,True,True,True,bbe9ab17ad83533facbd6e0600819bcf983b08c1f63f0555680c873d7332219a,bbe9ab17ad83533facbd6e0600819bcf983b08c1f63f0555680c873d7332219a,inferred-neutral,False,offline_record_audit,False
A05,A05__sensitivity_eval_mode__r005_calm_elixir__protected__turns5__iteration01,True,True,True,ba37b47bfe87f281361bbe44e2babb065d93ad1ea9222f87fc49984ac332820f,ba37b47bfe87f281361bbe44e2babb065d93ad1ea9222f87fc49984ac332820f,inferred-neutral,False,offline_record_audit,False
A05,A05__sensitivity_eval_mode__r005_calm_elixir__protected__turns5__iteration02,True,True,True,ba37b47bfe87f281361bbe44e2babb065d93ad1ea9222f87fc49984ac332820f,ba37b47bfe87f281361bbe44e2babb065d93ad1ea9222f87fc49984ac332820f,inferred-neutral,False,offline_record_audit,False
A05,A05__sensitivity_eval_mode__r005_calm_elixir__protected__turns5__iteration03,True,True,True,ba37b47bfe87f281361bbe44e2babb065d93ad1ea9222f87fc49984ac332820f,ba37b47bfe87f281361bbe44e2babb065d93ad1ea9222f87fc49984ac332820f,inferred-neutral,False,offline_record_audit,False
A05,A05__sensitivity_eval_mode__r005_calm_elixir__protected__turns5__iteration04,True,True,True,ba37b47bfe87f281361bbe44e2babb065d93ad1ea9222f87fc49984ac332820f,ba37b47bfe87f281361bbe44e2babb065d93ad1ea9222f87fc49984ac332820f,inferred-neutral,False,offline_record_audit,False
A05,A05__sensitivity_eval_mode__r005_calm_elixir__protected__turns5__iteration05,True,True,True,ba37b47bfe87f281361bbe44e2babb065d93ad1ea9222f87fc49984ac332820f,ba37b47bfe87f281361bbe44e2babb065d93ad1ea9222f87fc49984ac332820f,inferred-neutral,False,offline_record_audit,False
A05,A05__sensitivity_eval_mode__r005_calm_elixir__public__turns1__iteration01,True,True,True,d0b7e2d47aa7f5a133d8219740da730461f06be32c359cf7ad50d50823a9de5c,d0b7e2d47aa7f5a133d8219740da730461f06be32c359cf7ad50d50823a9de5c,inferred-neutral,False,offline_record_audit,False
A05,A05__sensitivity_eval_mode__r005_calm_elixir__public__turns1__iteration02,True,True,True,d0b7e2d47aa7f5a133d8219740da730461f06be32c359cf7ad50d50823a9de5c,d0b7e2d47aa7f5a133d8219740da730461f06be32c359cf7ad50d50823a9de5c,inferred-neutral,False,offline_record_audit,False
A05,A05__sensitivity_eval_mode__r005_calm_elixir__public__turns1__iteration03,True,True,True,d0b7e2d47aa7f5a133d8219740da730461f06be32c359cf7ad50d50823a9de5c,d0b7e2d47aa7f5a133d8219740da730461f06be32c359cf7ad50d50823a9de5c,inferred-neutral,False,offline_record_audit,False
A05,A05__sensitivity_eval_mode__r005_calm_elixir__public__turns1__iteration04,True,True,True,d0b7e2d47aa7f5a133d8219740da730461f06be32c359cf7ad50d50823a9de5c,d0b7e2d47aa7f5a133d8219740da730461f06be32c359cf7ad50d50823a9de5c,inferred-neutral,False,offline_record_audit,False
A05,A05__sensitivity_eval_mode__r005_calm_elixir__public__turns1__iteration05,True,True,True,d0b7e2d47aa7f5a133d8219740da730461f06be32c359cf7ad50d50823a9de5c,d0b7e2d47aa7f5a133d8219740da730461f06be32c359cf7ad50d50823a9de5c,inferred-neutral,False,offline_record_audit,False
A05,A05__sensitivity_eval_mode__r005_calm_elixir__public__turns3__iteration01,True,True,True,bbe9ab17ad83533facbd6e0600819bcf983b08c1f63f0555680c873d7332219a,bbe9ab17ad83533facbd6e0600819bcf983b08c1f63f0555680c873d7332219a,inferred-neutral,False,offline_record_audit,False
A05,A05__sensitivity_eval_mode__r005_calm_elixir__public__turns3__iteration02,True,True,True,bbe9ab17ad83533facbd6e0600819bcf983b08c1f63f0555680c873d7332219a,bbe9ab17ad83533facbd6e0600819bcf983b08c1f63f0555680c873d7332219a,inferred-neutral,False,offline_record_audit,False
A05,A05__sensitivity_eval_mode__r005_calm_elixir__public__turns3__iteration03,True,True,True,bbe9ab17ad83533facbd6e0600819bcf983b08c1f63f0555680c873d7332219a,bbe9ab17ad83533facbd6e0600819bcf983b08c1f63f0555680c873d7332219a,inferred-neutral,False,offline_record_audit,False
A05,A05__sensitivity_eval_mode__r005_calm_elixir__public__turns3__iteration04,True,True,True,bbe9ab17ad83533facbd6e0600819bcf983b08c1f63f0555680c873d7332219a,bbe9ab17ad83533facbd6e0600819bcf983b08c1f63f0555680c873d7332219a,inferred-neutral,False,offline_record_audit,False
A05,A05__sensitivity_eval_mode__r005_calm_elixir__public__turns3__iteration05,True,True,True,bbe9ab17ad83533facbd6e0600819bcf983b08c1f63f0555680c873d7332219a,bbe9ab17ad83533facbd6e0600819bcf983b08c1f63f0555680c873d7332219a,inferred-neutral,False,offline_record_audit,False
A05,A05__sensitivity_eval_mode__r005_calm_elixir__public__turns5__iteration01,True,True,True,ba37b47bfe87f281361bbe44e2babb065d93ad1ea9222f87fc49984ac332820f,ba37b47bfe87f281361bbe44e2babb065d93ad1ea9222f87fc49984ac332820f,inferred-neutral,False,offline_record_audit,False
A05,A05__sensitivity_eval_mode__r005_calm_elixir__public__turns5__iteration02,True,True,True,ba37b47bfe87f281361bbe44e2babb065d93ad1ea9222f87fc49984ac332820f,ba37b47bfe87f281361bbe44e2babb065d93ad1ea9222f87fc49984ac332820f,inferred-neutral,False,offline_record_audit,False
A05,A05__sensitivity_eval_mode__r005_calm_elixir__public__turns5__iteration03,True,True,True,ba37b47bfe87f281361bbe44e2babb065d93ad1ea9222f87fc49984ac332820f,ba37b47bfe87f281361bbe44e2babb065d93ad1ea9222f87fc49984ac332820f,inferred-neutral,False,offline_record_audit,False
A05,A05__sensitivity_eval_mode__r005_calm_elixir__public__turns5__iteration04,True,True,True,ba37b47bfe87f281361bbe44e2babb065d93ad1ea9222f87fc49984ac332820f,ba37b47bfe87f281361bbe44e2babb065d93ad1ea9222f87fc49984ac332820f,inferred-neutral,False,offline_record_audit,False
A05,A05__sensitivity_eval_mode__r005_calm_elixir__public__turns5__iteration05,True,True,True,ba37b47bfe87f281361bbe44e2babb065d93ad1ea9222f87fc49984ac332820f,ba37b47bfe87f281361bbe44e2babb065d93ad1ea9222f87fc49984ac332820f,inferred-neutral,False,offline_record_audit,False
